-- phpMyAdmin SQL Dump
-- version 5.2.0
-- https://www.phpmyadmin.net/
--
-- Хост: 127.0.0.1:3306
-- Время создания: Май 30 2023 г., 10:26
-- Версия сервера: 8.0.30
-- Версия PHP: 7.2.34

SET SQL_MODE = "NO_AUTO_VALUE_ON_ZERO";
START TRANSACTION;
SET time_zone = "+00:00";


/*!40101 SET @OLD_CHARACTER_SET_CLIENT=@@CHARACTER_SET_CLIENT */;
/*!40101 SET @OLD_CHARACTER_SET_RESULTS=@@CHARACTER_SET_RESULTS */;
/*!40101 SET @OLD_COLLATION_CONNECTION=@@COLLATION_CONNECTION */;
/*!40101 SET NAMES utf8mb4 */;

--
-- База данных: `priborinform`
--

-- --------------------------------------------------------

--
-- Структура таблицы `category`
--

CREATE TABLE `category` (
  `id` int NOT NULL,
  `title` varchar(100) COLLATE utf8mb4_general_ci DEFAULT NULL,
  `image` varchar(50) COLLATE utf8mb4_general_ci DEFAULT NULL
) ENGINE=InnoDB DEFAULT CHARSET=utf8mb4 COLLATE=utf8mb4_general_ci;

--
-- Дамп данных таблицы `category`
--

INSERT INTO `category` (`id`, `title`, `image`) VALUES
(1, 'Товары нашего производства', 'ourProduct.png'),
(2, 'Оборудование для лабораторий зерноперерабатывающих производств', 'grainProcessing.png'),
(3, 'Оборудование для хлебопекарного производства', 'bakeryEquipment.png'),
(4, 'Оборудование для молочного производства', 'dairyProduct.png'),
(5, 'Оборудование для пивоваренного производства\r\n', 'brewingProduct.png'),
(6, 'Лабораторное оборудование общего назначения', 'grainProcessing.png'),
(7, 'Медицинское оборудование', 'medicalEquipment.png'),
(8, 'Оборудование для лабораторий дорожных и строительных предприятий', 'roadComp.png'),
(9, 'Лабораторная посуда', 'Glassware.png'),
(10, 'Термометры, гигрометры', 'ThermoHygro.png');

-- --------------------------------------------------------

--
-- Структура таблицы `categoryProduct`
--

CREATE TABLE `categoryProduct` (
  `id` int NOT NULL,
  `id_cat` int DEFAULT NULL,
  `id_subcat` int DEFAULT NULL,
  `id_prod` int DEFAULT NULL
) ENGINE=InnoDB DEFAULT CHARSET=utf8mb4 COLLATE=utf8mb4_general_ci;

--
-- Дамп данных таблицы `categoryProduct`
--

INSERT INTO `categoryProduct` (`id`, `id_cat`, `id_subcat`, `id_prod`) VALUES
(1, 1, NULL, 1),
(2, 1, NULL, 2),
(3, 1, NULL, 3),
(4, 1, NULL, 6),
(5, 1, NULL, 7),
(6, 1, NULL, 8),
(7, 1, NULL, 9),
(8, 1, NULL, 10),
(9, 1, NULL, 11),
(10, 1, NULL, 12),
(11, 1, NULL, 13),
(12, 1, NULL, 14),
(13, 1, NULL, 15),
(14, 1, NULL, 16),
(15, 1, NULL, 17),
(16, 1, NULL, 18),
(17, 1, NULL, 19),
(18, 1, NULL, 20),
(19, 1, NULL, 21),
(20, 1, NULL, 22),
(21, 1, NULL, 23),
(22, 1, NULL, 24),
(23, 1, NULL, 25),
(24, 1, NULL, 26),
(25, 1, NULL, 27),
(26, 1, NULL, 28),
(27, 1, NULL, 29),
(28, 1, NULL, 30),
(29, 1, NULL, 31),
(30, 1, NULL, 32),
(31, 1, NULL, 33),
(32, 1, NULL, 34),
(33, 1, NULL, 35),
(34, 1, NULL, 36),
(35, 1, NULL, 37),
(36, 1, NULL, 38),
(37, 1, NULL, 39),
(38, 1, NULL, 40),
(39, 1, NULL, 41),
(40, 1, NULL, 42),
(41, 1, NULL, 43),
(42, 1, NULL, 44),
(43, 1, NULL, 45),
(44, 1, NULL, 46),
(45, 1, NULL, 47),
(46, 1, NULL, 48),
(47, 1, NULL, 49),
(48, 1, NULL, 50),
(49, 1, NULL, 51),
(50, 1, NULL, 52),
(51, 1, NULL, 53),
(52, 1, NULL, 54),
(53, 1, NULL, 55),
(54, 1, NULL, 56),
(55, 1, NULL, 57),
(56, 1, NULL, 58),
(57, 1, NULL, 59),
(58, 1, NULL, 60),
(59, 1, NULL, 61),
(60, 1, NULL, 62),
(61, 1, NULL, 63),
(62, 2, 1, 4),
(63, 2, 1, 64),
(64, 2, 1, 65),
(65, 2, 1, 66),
(66, 2, 1, 2),
(67, 2, 1, 75),
(68, 2, 1, 76),
(69, 2, 1, 77),
(70, 2, 1, 78),
(71, 2, 1, 75),
(72, 2, 1, 79),
(73, 2, 1, 80),
(74, 2, 1, 81),
(75, 2, 1, 82),
(76, 2, 1, 8),
(77, 2, 1, 86),
(78, 2, 1, 21),
(79, 2, 1, 54),
(80, 2, 1, 55),
(81, 2, 1, 100),
(82, 2, 1, 101),
(83, 2, 1, 104),
(84, 2, 1, 105),
(85, 2, 2, 70),
(86, 2, 2, 72),
(87, 2, 2, 74),
(88, 2, 2, 9),
(89, 2, 2, 88),
(90, 2, 2, 89),
(91, 2, 2, 99),
(92, 2, 2, 46),
(93, 2, 2, 47),
(94, 2, 2, 107),
(95, 2, 3, 67),
(96, 2, 3, 68),
(97, 2, 3, 69),
(98, 2, 3, 71),
(99, 2, 3, 73),
(100, 2, 3, 16),
(101, 2, 3, 17),
(102, 2, 3, 94),
(103, 2, 4, 91),
(104, 2, 4, 97),
(105, 2, 4, 57),
(106, 2, 4, 102),
(107, 2, 4, 103),
(108, 2, 5, 1),
(109, 2, 5, 3),
(110, 2, 5, 6),
(111, 2, 5, 7),
(112, 2, 5, 10),
(113, 2, 5, 11),
(114, 2, 5, 12),
(115, 2, 5, 13),
(116, 2, 5, 18),
(117, 2, 5, 19),
(118, 2, 5, 51),
(119, 2, 5, 53),
(120, 2, 5, 56),
(121, 2, 5, 59),
(122, 2, 5, 60),
(123, 2, 5, 61),
(124, 2, 5, 62),
(125, 2, 5, 63),
(126, 2, 6, 90),
(127, 2, 6, 20),
(128, 2, 6, 92),
(129, 2, 6, 93),
(130, 2, 7, 97),
(131, 2, 7, 48),
(132, 2, 7, 49),
(133, 2, 7, 50),
(134, 2, 7, 52),
(135, 2, 8, 83),
(136, 2, 8, 84),
(137, 2, 8, 85),
(138, 2, 8, 87),
(139, 2, 8, 96),
(140, 2, 9, 27),
(141, 2, 9, 28),
(142, 2, 9, 29),
(143, 2, 9, 30),
(144, 2, 9, 31),
(145, 2, 9, 32),
(146, 2, 9, 33),
(147, 2, 9, 34),
(148, 2, 9, 35),
(149, 2, 9, 36),
(150, 2, 9, 37),
(151, 2, 9, 38),
(152, 2, 9, 39),
(153, 2, 9, 40),
(154, 2, 9, 41),
(155, 2, 9, 42),
(156, 2, 9, 43),
(157, 2, 9, 44),
(158, 2, 9, 45),
(159, 2, 9, 58),
(160, 2, 10, 98),
(161, 2, 10, 22),
(162, 2, 10, 23),
(163, 2, 10, 106),
(164, 3, NULL, 14),
(165, 3, NULL, 15),
(166, 3, NULL, 108),
(167, 3, NULL, 24),
(168, 3, NULL, 25),
(169, 3, NULL, 26),
(170, 3, NULL, 109),
(171, 4, NULL, 110),
(172, 4, NULL, 111),
(173, 4, NULL, 112),
(174, 4, NULL, 113),
(175, 4, NULL, 114),
(176, 4, NULL, 115),
(177, 5, NULL, 116),
(178, 6, 1, 148),
(179, 6, 1, 149),
(180, 6, 1, 150),
(181, 6, 2, 118),
(182, 6, 2, 119),
(183, 6, 2, 121),
(184, 6, 2, 122),
(185, 6, 2, 147),
(186, 6, 3, 117),
(187, 6, 3, 120),
(188, 6, 3, 123),
(189, 6, 4, 144),
(190, 6, 4, 151),
(191, 6, 4, 152),
(192, 6, 5, 145),
(193, 7, 16, 120),
(194, 7, 1, 154),
(195, 7, 2, 157),
(196, 7, 3, 155),
(197, 7, 3, 156),
(198, 8, NULL, 158),
(199, 8, NULL, 159),
(200, 8, NULL, 160),
(201, 9, NULL, 99),
(202, 9, NULL, 161),
(203, 9, NULL, 162),
(204, 10, NULL, 163),
(205, 10, NULL, 164);

-- --------------------------------------------------------

--
-- Структура таблицы `characteristic`
--

CREATE TABLE `characteristic` (
  `id` int NOT NULL,
  `id_prod` int DEFAULT NULL,
  `title` varchar(700) CHARACTER SET utf8mb4 COLLATE utf8mb4_general_ci DEFAULT NULL,
  `description` varchar(300) COLLATE utf8mb4_general_ci DEFAULT NULL
) ENGINE=InnoDB DEFAULT CHARSET=utf8mb4 COLLATE=utf8mb4_general_ci;

--
-- Дамп данных таблицы `characteristic`
--

INSERT INTO `characteristic` (`id`, `id_prod`, `title`, `description`) VALUES
(1, 1, 'Вместимость воронки  (при удельной 6*10-3 ± массе пшеницы 0,75 г/см3)', 'м3 (кг) не менее ±0,13*10-3) (4,5±0,1)'),
(2, 1, 'Среднее время для смешивания пробы зерна и выделения из него навесок', 'мин. не более 0,5'),
(3, 1, 'диаметр опоры', '575'),
(4, 1, 'высота', '1120'),
(5, 1, 'Масса, кг, не более', '13,8'),
(6, 2, 'Уставки температуры', '105ºС/130 ºС'),
(7, 2, 'Погрешность измерения температуры ', '+2 ºС'),
(8, 2, 'Уставки времени', '1-60 мин. (дискретность 1 мин.)'),
(9, 2, 'Габаритные размеры', '70x50x58'),
(10, 2, 'Вес в месте с датчиком ', '130 Г.'),
(11, 9, 'Масса муки, помещаемая в одну вискозиметрическую пробирку', '7 г.'),
(12, 9, 'Объем воды, помещаемой в одну вискозиметрическую пробирку', '25 мл.'),
(13, 9, 'Количество одновременно встряхиваемых пробирок, шт', '2'),
(14, 9, 'Время встряхивания, с', '10'),
(15, 9, 'длина', '420'),
(16, 9, 'ширина', '250'),
(17, 9, 'высота', '290'),
(18, 9, 'Масса, кг', '35'),
(19, 9, 'Напряжение питания', '(220±10)В'),
(20, 9, 'частота', '(50±1)Гц'),
(21, 10, 'Ширина желобков,мм', '20'),
(22, 10, 'Полный объём откидного бункера дм. куб', '5'),
(23, 10, 'Количество желобков, шт.', '18'),
(24, 10, 'Крупность материала пробы, мм, не более', '9'),
(25, 10, 'Габаритные размеры', '380*270*500'),
(26, 10, 'Масса, кг', '7,5'),
(27, 11, 'Ширина желобков,мм', '20'),
(28, 11, 'Полный объём откидного бункера дм. куб', '3'),
(29, 11, 'Количество желобков, шт.', '10'),
(30, 11, 'Крупность материала пробы, мм, не более', '9'),
(31, 11, 'Габаритные размеры', '250*260*500'),
(32, 11, 'Масса, кг', '4,5'),
(33, 12, 'Ширина желобков,мм', '20'),
(34, 12, 'Полный объём откидного бункера дм. куб', '3'),
(35, 12, 'Количество желобков, шт.', '10'),
(36, 12, 'Крупность материала пробы, мм, не более', '9'),
(37, 12, 'Габаритные размеры', '250*260*500'),
(38, 12, 'Масса, кг', '4,5'),
(39, 14, 'Производительность, замесов/час, не менее', '40'),
(40, 14, 'Продолжительность замеса, сек.', '18…60'),
(41, 14, 'Частота вращения рабочего органа, об/мин.', '600'),
(42, 14, 'Потребляемая мощность, кВт.', '0,25'),
(43, 14, 'длина', '320'),
(44, 14, 'ширина', '225'),
(45, 14, 'высота', '335'),
(46, 14, 'Масса, кг, не более', '20'),
(47, 15, 'Производительность, замесов/час, не менее', '40'),
(48, 15, 'Продолжительность замеса, сек.', '18…60'),
(49, 15, 'Частота вращения рабочего органа, об/мин.', '10 (600)'),
(50, 15, 'мощность, кВт.', '0,25'),
(51, 15, 'Габаритные размеры, мм', '320×225×335'),
(52, 15, 'Масса, кг', '25'),
(53, 16, 'Диапазон измерений деформации клейковины, мм ед. ИДК', '10,55 – 0,00, 0 – 150,7'),
(54, 16, 'Пределы допускаемой абсолютной основной погрешности измерений: мм, не более ед. ИДК, не более', '±0,035 ±0,5'),
(55, 16, 'Пределы допускаемой абсолютной дополнительной погрешности измерений при отклонении напряжения сети от номинального значения в пределах от 187 до 242 В: мм, не более ед. ИДК, не более', '±0,035 ±0,5'),
(56, 16, 'Разброс результатов измерений величины деформации за 16 ч непрерывной работы: мм, не более ед. ИДК, не более', '±0,035 ±0,5'),
(57, 16, 'Номинальное значение задаваемого времени воздействия груза на образец, с', '30'),
(58, 16, 'Пределы допускаемой погрешности задания времени воздействия груза, с', '±0,5'),
(59, 16, 'Номинальная толщина установочных мер, входящих в комплект прибора, мм', '2,15 10,55'),
(60, 16, 'Отклонение толщины установочных мер от номинальной, мм', '±0,01'),
(61, 16, 'Прибор обеспечивает свои технические характеристики в пределах норм, установленных ТУ, после прогрева в течение, мин', '20'),
(62, 16, 'Мощность, потребляемая прибором от сети переменного тока при нормальном напряжении, В·А, не более', '2,5'),
(63, 16, 'Температура окружающей среды, °С', 'от 10 до 35'),
(64, 16, 'Длина', '130'),
(65, 16, 'Ширина', '150'),
(66, 16, 'Высота', '190'),
(67, 16, 'Масса, кг, не более', '2,2'),
(68, 17, 'Напряжение питающей сети', '(220 ± 22) В'),
(69, 17, 'Частота питающей сети', '(50 + 1) Гц'),
(70, 17, 'Потребляемая мощность', 'не более   5 ВА'),
(71, 17, 'Габаритные размеры', 'не более 130x150x190 мм'),
(72, 17, 'Масса', 'не более 2,2 кг'),
(73, 17, 'Диапазон измерения величины де­формации клейковины', '(0 — 120) у.е.'),
(74, 17, 'Величина деформирующей нагрузки', '120+2.5гс'),
(75, 17, 'Время воздействия деформирую­щей нагрузки на образец', '(30±1)с'),
(76, 17, 'Номинальное расстояние между столом и пуансоном', '(20+1) мм'),
(77, 17, 'Дискретность отсчета и цена пове­рочного деления', ' 1 у.е. (0,07 мм)'),
(78, 17, 'Пределы допускаемой основной  погрешности', '±1 у.е.(±0,07 мм)'),
(79, 17, 'Номинальная толщина контрольных', ' 2,15+ 0,02 мм'),
(80, 17, 'Плиток', '10,55 ±0,02 мм'),
(81, 17, 'Время установления рабочего режима', 'не более 30 мин'),
(82, 17, 'Продолжительность непрерывной работы', '16 ч'),
(83, 17, 'средняя наработка на отказ,', 'не менее 2500 ч'),
(84, 17, 'среднее время восстановления ', 'не более 0,5 ч работоспособного состояния,'),
(85, 17, 'средний срок службы,', 'не менее 8 лет'),
(86, 18, 'Диапазон измерения температуры', '°С -30…+80'),
(87, 18, 'Разрешающая способность', '°С ±0,5'),
(88, 18, 'Среднее время измерения', 'мин 5'),
(89, 18, 'Максимальная глубина измерения', 'м 3'),
(90, 18, 'Напряжение питания (элемент типа «Крона»)', 'В 9'),
(91, 18, 'Потребляемый ток не более', 'мА 2'),
(92, 18, 'Длинна термощупа', 'м 1,2,3'),
(93, 19, 'Время хранения, ч', '72'),
(94, 19, 'Вместимость, л', '3,5'),
(95, 19, 'Габариты(дл.х шир.х выс.)', '243х158х144'),
(96, 19, 'Масса кг., не более', '0,72'),
(97, 20, 'Объем загрузочного бункера', '280 мл'),
(98, 20, 'Объем приемного бункера для продукта размола', '200 мл'),
(99, 20, 'Допустимое количество размолов в час', '18'),
(100, 20, 'Время размола навески массой', '50 г 20…40 сек'),
(101, 20, 'Максимальный размер измельчаемых зерен не более', '14 мм'),
(102, 20, 'Диаметр отверстий сита', '1,0 мм 0,9 мм 0,8 мм'),
(103, 20, 'Частота вращения рабочего органа', '12 000 об/мин'),
(104, 20, 'Наименьшая масса размалываемого продукта', 'Юг'),
(105, 20, 'Наибольшая масса размалываемого продукта', '100 г'),
(106, 20, 'длина', '350 мм'),
(107, 20, 'ширина ', '200 мм'),
(108, 20, 'высота', '(без бункера для 400 мм\r\nзерна)'),
(109, 20, 'Масса', '15 кг'),
(110, 20, 'Уровень шума', '73…75Д6'),
(111, 20, 'Электропитание Однофазная сеть переменного тока', 'напряжением 220 В, частотой 50 Гц'),
(112, 20, 'Потребляемая мощность Электрическая защита', '550 Вт'),
(113, 20, 'IP 54 по', 'ГОСТ14254-80'),
(114, 20, 'Время срабатывания системы защиты от перегрузки', 'Зсек'),
(115, 22, 'Усилие прессования, кН: \r\nноминальное\r\nноминальное\r\nминимальное                                                               ', '                                                                       40,0\n  160                                                                       28,4'),
(116, 22, 'Продолжительность отжима масла при номинальном давлении (2-х навесок семян по   100 г.), включая опускание поршня, уплотнение слоя семян, отжим масла, подъем поршня, мин, не более', '3 мин'),
(117, 22, 'Установленная мощность, кВт, не более', '0,55'),
(118, 22, 'Давление рабочей жидкости в гидросистеме, bar\r\nноминальное\r\nмаксимальное\r\nминимальное\r\n', '40\r\n160\r\n30\r\n'),
(119, 22, 'длина', '600'),
(120, 22, 'ширина', '600'),
(121, 22, 'высота', '1400'),
(122, 22, 'Масса, кг, не более', '150'),
(123, 23, 'Максимальное усилие', '12т'),
(124, 23, 'Емкость стакана', '240 куб. см'),
(125, 23, 'Время выдержки под давлением для получения пробы объемом не менее 3 куб. см', '5 мин.'),
(126, 23, 'Масса пресса', '25 кг'),
(127, 24, 'Внутренний диаметр калибровочного цилиндра,', 'мм'),
(128, 24, 'Длина отрезного стакана,', 'мм'),
(129, 24, 'Объем мякиша, формируемого устройством, куб', 'см'),
(130, 24, 'стакана в сборе, мм', '38 х 38 х135'),
(131, 24, 'ножа в сборе, мм', '12x48x165'),
(132, 24, 'Масса, не более, кг', ' 0,35'),
(133, 24, 'калибровочный цилиндр', '1 шт.'),
(134, 24, 'стакан', '1 шт.'),
(135, 24, 'отрезной нож', '1 шт.'),
(136, 24, 'паспорт', '1 экз.'),
(137, 25, 'Диапазон рабочих температур от', '+100 до +200°С'),
(138, 25, 'Диапазон установки таймера от', '1 до 10 мин.'),
(139, 25, 'Отклонение температуры плит блока высушивания образцов от заданной рабочей температуры не более', '±2°С.'),
(140, 25, 'Время нагрева блока высушивания образцов до установившейся рабочей температуры не более ', '20 мин.'),
(141, 25, 'Зазор между соприкасающимися рабочими поверхностями плит\r\nблока высушивания образцов, мм, не более', '0,2.'),
(142, 25, 'однофазная сеть переменного тока', '+22'),
(143, 25, 'напряжение, В ', '220'),
(144, 25, 'частота', 'Гц- 50+1'),
(145, 25, 'Потребляемая мощность, Вт, не более', '500'),
(146, 25, 'блока высушивания', '200×90'),
(147, 25, 'блока управления', '175x120x65'),
(148, 25, 'блока высушивания образцов', '5,8'),
(149, 25, 'блока управления', '0,6'),
(150, 26, 'Диапазон рабочих температур от', '+100 до +200°С'),
(151, 26, 'Диапазон установки таймера от', '1 до 10 мин.'),
(152, 26, 'Отклонение температуры плит блока высушивания образцов от заданной рабочей температуры не более', '±2°С.'),
(153, 26, 'Время нагрева блока высушивания образцов до установившейся рабочей температуры не более ', '20 мин.'),
(154, 26, 'Зазор между соприкасающимися рабочими поверхностями плит\r\nблока высушивания образцов, мм, не более', '0,2.'),
(155, 26, 'однофазная сеть переменного тока', '+22'),
(156, 26, 'напряжение, В ', '220'),
(157, 26, 'частота', 'Гц- 50+1'),
(158, 26, 'Потребляемая мощность, Вт, не более', '500'),
(159, 26, 'блока высушивания', '200×90'),
(160, 26, 'блока управления', '175x120x65'),
(161, 26, 'блока высушивания образцов', '5,8'),
(162, 26, 'блока управления', '0,6'),
(163, 46, 'Вместимость мерки', '1л'),
(164, 46, 'Допустимая погрешность определения массы зерна  (при  сличении с образцовой пуркой) должна быть в пределах', '±. 0 до 4 г.'),
(165, 46, 'Длина', '300 мм'),
(166, 46, 'Ширина', '215 мм'),
(167, 46, 'Высота', '870 мм'),
(168, 46, 'Масса (вес)', '4,0 кг'),
(169, 46, 'Мерка', '1шт'),
(170, 46, 'Наполнитель', '1шт'),
(171, 46, 'Цилиндр насыпки', '1шт'),
(172, 46, 'Нож', '1шт'),
(173, 46, 'Подставка с гнездом', '1шт'),
(174, 46, 'Груз падающий', '1шт'),
(175, 47, 'Диапазон определения числа падения, соответствующий измерению интервалов времени от 0 до 900 с дискретностью 1с', '60 – 900'),
(176, 47, 'Частота колебаний шток-мешалки, Гц', '2,0±0,3'),
(177, 47, 'Температура в водяной бане, °С', '100,0 — 0,5'),
(178, 47, 'Высота падения шток-мешалок, мм', '68±1'),
(179, 47, 'Масса шток-мешалок (без направляющих втулок), г', '25,00±0,05'),
(180, 47, 'Объем дистиллированной воды, заливаемый в водяную баню, л', '3'),
(181, 47, 'Длительность непрерывной работы прибора, ч', '8'),
(182, 47, 'Потребляемая мощность прибора, кВА, не более', '1,5'),
(183, 47, 'Напряжение переменного однофазного тока, В', '220±22'),
(184, 47, 'Частота переменного однофазного тока, Гц', '50±0,5'),
(185, 47, 'Средняя наработка на отказ прибора, ч, не менее', '1000'),
(186, 47, 'Средний срок службы, г, не менее', '6'),
(187, 47, 'Среднее время восстановления прибора, ч, не более', '6'),
(188, 47, 'Габаритные размеры блока механического привода мм, не более', '450×170×530 с учетом индикатора уровня 450×195×530'),
(189, 47, 'Габаритные размеры блока управления, мм, не более', '189×140×50'),
(190, 47, 'Масса прибора, кг, не более', '25'),
(191, 47, 'Расход водопроводной воды для охлаждения, л/мин, не менее', '2'),
(192, 48, 'Частота колебаний ситового пакета', '120 колебаний/мин на заражённость, от 180 до 200 колебаний/мин.для  муки, зерна, и т.д.'),
(193, 48, 'Амплитуда колебаний', '(25±1) мм'),
(194, 48, 'Потребляемая мощность', '25 Вт.'),
(195, 48, 'длина', '456 мм'),
(196, 48, 'ширина', '490 мм'),
(197, 48, 'высота', '560 мм'),
(198, 48, 'Размеры держателей', '260мм'),
(199, 48, 'Масса Рассева (без сит), не более', '40 кг'),
(200, 48, 'Средняя наработка на отказ, не менее', '1000 циклов'),
(201, 48, 'Установленный срок службы, не менее', '6 лет.'),
(202, 49, 'Частота колебаний ситового пакета', '120 на заражённость.'),
(203, 49, 'Амплитуда колебаний', '(25±1) мм'),
(204, 49, 'Потребляемая мощность', '25 Вт.'),
(205, 49, 'длина', '456 мм'),
(206, 49, 'ширина', '490 мм'),
(207, 49, 'высота', '560 мм'),
(208, 49, 'Размеры держателей', '260мм'),
(209, 49, 'Масса Рассева (без сит), не более', '40 кг'),
(210, 49, 'Средняя наработка на отказ, не менее', '1000 циклов'),
(211, 49, 'Установленный срок службы, не менее', '6 лет.'),
(212, 54, 'Диапазон измерений массовой доли влаги (влажности), %', 'от 5 до 45'),
(213, 54, 'Пределы допускаемой абсолютной погрешности результатов измерений массовой доли влаги, %', '±0,5'),
(214, 54, 'Диапазон рабочих температур, оС', 'от 105 до 150'),
(215, 54, 'Пределы допускаемой абсолютной погрешности установления и поддержания температуры, °С', '±2,0'),
(216, 54, 'Габаритные размеры, мм, не более\r\n— высота\r\n\r\n— ширина\r\n\r\n— длина', '530\r\n\r\n360\r\n\r\n370'),
(217, 54, 'Масса, кг, не более', '20,0'),
(218, 55, 'Напряжение питания сети', '220 ± 22 В, частота 50 Гц.'),
(219, 55, 'Мощность Шкафа сушильного', ' электрического при номинальном напряжении сети не более 1,2 КВт'),
(220, 55, 'Скорость вращения стола', '4± 2 об/мин.'),
(221, 55, 'Температура шкафа сушильного может регулироваться', 'от 105°С до 150° С с точностью ±2°С.'),
(222, 55, 'Уставки времени', '1-60 мин.'),
(223, 55, 'Максимальный допустимый нагрев сушильной  камеры шкафа’', '150° С.'),
(224, 55, 'Степень защиты IPIX ГОСТ ', '14254-80,'),
(225, 55, 'Средняя продолжительность разогрева, шкафа  при_ номинальном напряжении сети и температуре помещения', '+20°С'),
(226, 55, 'высота', '655 мм'),
(227, 55, 'диаметр ', '360 мм'),
(228, 55, 'по выступающим частям', '412мм.'),
(229, 57, 'Производительность, проб/ч, не менее', '6'),
(230, 57, 'Масса пробы, г', '500(250×2)'),
(231, 57, 'Число одновременно истираемых проб', '2'),
(232, 57, 'Частота вращения истирателя, 1/с', ' 0,73'),
(233, 57, 'Время испытания пробы, мин', '5'),
(234, 57, 'Допустимое абсолютное расхождение показателя крошимости при параллельных определениях, %', '1,5'),
(235, 57, 'Установленная мощность, кВт', '0,025'),
(236, 57, 'Габаритные размеры, не более', '600'),
(237, 57, 'Ширина', '400'),
(238, 57, 'Высота', '500'),
(239, 57, 'Масса, кг, не более', '20'),
(240, 60, 'Длинна нижней части, мм:', '45'),
(241, 60, 'Высота, мм:', '95'),
(242, 60, 'Толщина, мм:', '1'),
(243, 60, 'Материал изготовления:', '	Алюминий'),
(244, 67, 'Номер в Госреестре', '60181-15'),
(245, 67, 'Наибольший предел взвешивания (НПВ)', '300 г'),
(246, 67, 'Наименьший предел взвешивания (НмПВ)', '0.2 г'),
(247, 67, 'Цена деления (d)', '0.01 г'),
(248, 67, 'Цена поверочного деления (e)', '0.1 г'),
(249, 67, 'ГОСТ', 'OIML R 76-1-2011'),
(250, 67, 'Класс точности', 'III средний'),
(251, 67, 'Пределы допускаемой погрешности в эксплуатации', '— от 0.2 г до 50 г: ± 0.1 г\r\n— от 50 г до 200 г: ± 0.2 г\r\n— от 200 г до 300 г: ± 0.3 г'),
(252, 67, 'Калибровка', 'внутренняя'),
(253, 67, 'Дисплей', 'жидкокристаллический с подсветкой'),
(254, 67, 'Размер платформы', 'Ø120 мм'),
(255, 67, 'Интерфейс', 'RS-232\r\nUSB-B'),
(256, 67, 'Пылевлагозащита', 'нет'),
(257, 67, 'Питание', 'сеть / встроенный аккумулятор'),
(258, 67, 'Поддонный крюк для гидростатического взвешивания', 'да (в комплекте)'),
(259, 67, 'Габариты', '245×170×80 мм'),
(260, 67, 'Вес', '2 кг'),
(261, 67, 'Производитель', 'ADAM'),
(262, 67, 'Страна происхождения', 'Китай'),
(263, 67, 'Гарантия', '1 год'),
(264, 68, 'Номер в Госреестре', '70462-18'),
(265, 68, 'Наибольший предел взвешивания (НПВ)', '200 г'),
(266, 68, 'Наименьший предел взвешивания (НмПВ)', '0.2 г'),
(267, 68, 'Цена деления (d)', '0.01 г'),
(268, 68, 'Цена поверочного деления (e)', '0.01 г'),
(269, 68, 'ГОСТ', 'OIML R 76-1-2011'),
(270, 68, 'Класс точности', 'II высокий'),
(271, 68, 'Пределы допускаемой погрешности в эксплуатации', '— от 0.2 г до 50 г: ± 0.01 г\r\n— от 50 г до 200 г: ± 0.02 г'),
(272, 68, 'Калибровка', 'внешняя'),
(273, 68, 'Гиря для калибровки (рекомендуемая)', 'F2-200 г'),
(274, 68, 'Дисплей', 'жидкокристаллический с подсветкой'),
(275, 68, 'Размер платформы', 'Ø123 мм'),
(276, 68, 'Интерфейс', 'RS-232'),
(277, 68, 'Пылевлагозащита', 'нет'),
(278, 68, 'Питание', 'сеть / встроенный блок для батарей (опция)'),
(279, 68, 'Поддонный крюк для гидростатического взвешивания', 'да (опция)'),
(280, 68, 'Габариты', '280×250×65 мм'),
(281, 68, 'Вес', '0.95 кг'),
(282, 68, 'Производитель', 'ACOM'),
(283, 68, 'Страна происхождения', 'Корея'),
(284, 68, 'Гарантия', '2 года'),
(285, 69, 'Номер в Госреестре', '70462-18'),
(286, 69, 'Наибольший предел взвешивания (НПВ)', '300 г'),
(287, 69, 'Наименьший предел взвешивания (НмПВ)', '0.2 г'),
(288, 69, 'Цена деления (d)', '0.01 г'),
(289, 69, 'Цена поверочного деления (e)', '0.01 г'),
(290, 69, 'ГОСТ', 'OIML R 76-1-2011'),
(291, 69, 'Класс точности', 'II высокий'),
(292, 69, 'Пределы допускаемой погрешности в эксплуатации', '— от 0.2 г до 50 г: ± 0.01 г\r\n— от 50 г до 200 г: ± 0.02 г\r\n— от 200 г до 300 г: ± 0.03 г'),
(293, 69, 'Калибровка', 'внешняя'),
(294, 69, 'Гиря для калибровки (рекомендуемая)', 'F2-200 г'),
(295, 69, 'Дисплей', 'жидкокристаллический с подсветкой'),
(296, 69, 'Размер платформы', 'Ø123 мм'),
(297, 69, 'Интерфейс', 'RS-232'),
(298, 69, 'Пылевлагозащита', 'нет'),
(299, 69, 'Питание', 'сеть / встроенный блок для батарей (опция)'),
(300, 69, 'Поддонный крюк для гидростатического взвешивания', 'да (опция)'),
(301, 69, 'Габариты', '280×250×65 мм'),
(302, 69, 'Вес', '0.95 кг'),
(303, 69, 'Производитель', 'ACOM'),
(304, 69, 'Страна происхождения', 'Корея'),
(305, 69, 'Гарантия', '2 года'),
(306, 70, 'Номер в Госреестре', '70462-18'),
(307, 70, 'Наибольший предел взвешивания (НПВ)', '3000 г'),
(308, 70, 'Наименьший предел взвешивания (НмПВ)', '5 г'),
(309, 70, 'Цена деления (d)', '0.1 г'),
(310, 70, 'Цена поверочного деления (e)', '0.1 г'),
(311, 70, 'ГОСТ', 'OIML R 76-1-2011'),
(312, 70, 'Класс точности', 'II высокий'),
(313, 70, 'Пределы допускаемой погрешности в эксплуатации', '— от 5 г до 500 г: ± 0.1 г\r\n— от 500 г до 2000 г: ± 0.2 г\r\n— от 2000 г до 3000 г: ± 0.3 г'),
(314, 70, 'Калибровка', 'внешняя'),
(315, 70, 'Гиря для калибровки (рекомендуемая)', 'F2-3 кг'),
(316, 70, 'Дисплей', 'жидкокристаллический с подсветкой'),
(317, 70, 'Размер платформы', 'Ø180 мм'),
(318, 70, 'Интерфейс', 'RS-232'),
(319, 70, 'Пылевлагозащита', 'нет'),
(320, 70, 'Питание', 'сеть / встроенный блок для батарей (опция)'),
(321, 70, 'Поддонный крюк для гидростатического взвешивания', 'да (опция)'),
(322, 70, 'Габариты', '280×250×65 мм'),
(323, 70, 'Вес', '1.1 кг'),
(324, 70, 'Производитель', 'ACOM'),
(325, 70, 'Страна происхождения', 'Корея'),
(326, 70, 'Гарантия', '2 года'),
(327, 71, 'Номер в Госреестре', '71685-18'),
(328, 71, 'Наибольший предел взвешивания (НПВ)', '300 г'),
(329, 71, 'Наименьший предел взвешивания (НмПВ)', '0.2 г'),
(330, 71, 'Цена деления (d)', '0.01 г'),
(331, 71, 'Цена поверочного деления (e)', '0.05 г'),
(332, 71, 'ГОСТ', 'сертифицированы по ТУ'),
(333, 70, 'Класс точности', 'отсутствует'),
(334, 71, 'Пределы допускаемой погрешности в эксплуатации', '	\r\n— от 0.2 г до 250 г: ± 0.05 г\r\n— от 250 г до 300 г: ± 0.1 г'),
(335, 71, 'Калибровка', 'внешняя'),
(336, 71, 'Гиря для калибровки (рекомендуемая)', 'F2-200 г'),
(337, 71, 'Дисплей', 'жидкокристаллический с подсветкой'),
(338, 71, 'Размер платформы', 'Ø116 мм'),
(339, 71, 'Интерфейс', 'RS-232'),
(340, 71, 'Пылевлагозащита', 'нет'),
(341, 71, 'Питание', 'сеть / встроенный блок для батарей (опция)'),
(342, 71, 'Поддонный крюк для гидростатического взвешивания', 'нет (невозможен)'),
(343, 71, 'Габариты', '280×200×80 мм'),
(344, 71, 'Вес', '1.1 кг'),
(345, 71, 'Производитель', 'CAS'),
(346, 71, 'Страна происхождения', 'Китай'),
(347, 71, 'Гарантия', '1 год'),
(348, 72, 'Номер в Госреестре', '71685-18'),
(349, 72, 'Наибольший предел взвешивания (НПВ)', '3000 г'),
(350, 72, 'Наименьший предел взвешивания (НмПВ)', '5 г'),
(351, 72, 'Цена деления (d)', '0.1 г'),
(352, 72, 'Цена поверочного деления (e)', '0.5 г'),
(353, 72, 'ГОСТ', 'сертифицированы по ТУ'),
(354, 72, 'Класс точности', 'отсутствует'),
(355, 72, 'Пределы допускаемой погрешности в эксплуатации', '— от 5 г до 2500 г: ± 0.5 г\r\n— от 2500 г до 3000 г: ± 1 г'),
(356, 72, 'Калибровка', 'внешняя'),
(357, 72, 'Гиря для калибровки (рекомендуемая)', 'F2-3 кг'),
(358, 72, 'Дисплей', 'жидкокристаллический с подсветкой'),
(359, 72, 'Размер платформы', '144×124 мм'),
(360, 72, 'Интерфейс', 'RS-232'),
(361, 72, 'Пылевлагозащита', 'нет'),
(362, 72, 'Питание', 'сеть / встроенный аккумулятор'),
(363, 72, 'Поддонный крюк для гидростатического взвешивания', 'нет (невозможен)'),
(364, 72, 'Габариты', '250×200×80 мм'),
(365, 72, 'Вес', '1.1 кг'),
(366, 72, 'Производитель', 'CAS'),
(367, 72, 'Страна происхождения', 'Китай'),
(368, 72, 'Гарантия', '1 года'),
(369, 73, 'Номер в Госреестре', '48026-11'),
(370, 73, 'Наибольший предел взвешивания (НПВ)', '300 г'),
(371, 73, 'Наименьший предел взвешивания (НмПВ)', '0.2 г'),
(372, 73, 'Цена деления (d)', '0.01 г'),
(373, 73, 'Цена поверочного деления (e)', '	\r\n0.01 г'),
(374, 73, 'ГОСТ', 'Р 53228-2008'),
(375, 73, 'Класс точности', 'II высокий'),
(376, 73, 'Пределы допускаемой погрешности в эксплуатации', '— от 0.2 г до 50 г: ± 0.01 г\r\n— от 50 г до 200 г: ± 0.02 г\r\n— от 200 г до 300 г: ± 0.03 г'),
(377, 73, 'Калибровка', 'внешняя'),
(378, 73, 'Гиря для калибровки (рекомендуемая)', 'F2-200 г'),
(379, 73, 'Дисплей', 'жидкокристаллический с подсветкой'),
(380, 73, 'Размер платформы', 'Ø120 мм'),
(381, 73, 'Интерфейс', 'RS-232'),
(382, 73, 'Пылевлагозащита', 'нет'),
(383, 73, 'Питание', 'сеть / встроенный аккумулятор'),
(384, 73, 'Поддонный крюк для гидростатического взвешивания', 'нет (невозможен)'),
(385, 73, 'Габариты', '220×180×85 мм'),
(386, 73, 'Вес', '1.5 кг'),
(387, 73, 'Производитель', 'МАССА-К'),
(388, 73, 'Страна происхождения', 'Россия'),
(389, 73, 'Гарантия', '3 года'),
(390, 74, 'Номер в Госреестре', '48026-11'),
(391, 74, 'Наибольший предел взвешивания (НПВ)', '3000 г'),
(392, 74, 'Наименьший предел взвешивания (НмПВ)', '5 г'),
(393, 74, 'Цена деления (d)', '0.1 г'),
(394, 74, 'Цена поверочного деления (e)', '0.1 г'),
(395, 73, 'ГОСТ', 'Р 53228-2008'),
(396, 74, 'Класс точности', 'II высокий'),
(397, 74, 'Пределы допускаемой погрешности в эксплуатации', '— от 5 г до 500 г: ± 0.1 г\r\n— от 500 г до 2000 г: ± 0.2 г\r\n— от 2000 г до 3000 г: ± 0.3 г'),
(398, 74, 'Калибровка', 'внешняя'),
(399, 74, 'Гиря для калибровки (рекомендуемая)', 'F2-2 кг'),
(400, 74, 'Дисплей', 'жидкокристаллический с подсветкой'),
(401, 74, 'Размер платформы', '162×136 мм'),
(402, 74, 'Интерфейс', 'RS-232'),
(403, 74, 'Пылевлагозащита', 'нет'),
(404, 74, 'Питание', 'сеть / встроенный аккумулятор'),
(405, 74, 'Поддонный крюк для гидростатического взвешивания', 'нет (невозможен)'),
(406, 74, 'Габариты', '220×180×85 мм'),
(407, 74, 'Вес', '1.5 кг'),
(408, 74, 'Производитель', 'МАССА-К'),
(409, 74, 'Страна происхождения', 'Россия'),
(410, 74, 'Гарантия', '3 года'),
(411, 91, 'Вес навески, гр', '100'),
(412, 91, 'Напряжение питающей сети В', '380'),
(413, 91, 'Мощность привода кВт', '2,2'),
(414, 91, 'Размер валков  мм', '120х60'),
(415, 91, 'быстроходного', '960 об/мин.'),
(416, 91, 'тихого', '510 об/мин.Вес130 кг'),
(417, 91, 'длина', '560'),
(418, 91, 'ширина', '670'),
(419, 91, 'высота', '750'),
(420, 94, 'Производительность, отмываний/ч. (в зависимости от пробы)', '1…4'),
(421, 94, 'на холостом ходу С-1', '0,95'),
(422, 94, ' об./мин.', '57'),
(423, 94, 'Потребляемая мощность, кВт, не более', '0,02'),
(424, 94, 'Расход воды на одно основное отмывание, л.', '9,2'),
(425, 94, 'длина', '390'),
(426, 94, 'ширина (без ванны)', '180'),
(427, 94, ' высота (при опущенной оси рабочего органа)', '500'),
(428, 94, 'Масса, кг, не более (без ЗИП)', '17'),
(429, 94, 'установленный ресурс рабочего органа и дек, отмываний', '1200'),
(430, 94, 'Полный установленный срок службы, лет', '5'),
(431, 118, 'Кол-во мест', '1'),
(432, 118, 'Объем, л', '3,5'),
(433, 118, 'Материал корпуса', 'сталь, покрашенная порошковой краской'),
(434, 118, 'Материал ванны', 'нержавеющая сталь'),
(435, 118, 'Внешние размеры, мм', '365х220х175'),
(436, 118, 'Внутренние размеры, мм', '170х170х120'),
(437, 118, 'Полезная глубина, мм', '90'),
(438, 118, 'Нагрев, °С', 'комн. +10…+99,9'),
(439, 118, 'Точность установки заданной температуры, ºС', '0,1'),
(440, 118, 'Точность поддержания, ºС', '±1,0'),
(441, 118, 'Контроллер', 'цифровой'),
(442, 118, 'Таймер', '999 мин'),
(443, 118, 'Мощность, Вт', '400'),
(444, 118, 'Слив теплоносителя', 'Шланг с фиксатором'),
(445, 118, 'Вес, кг', '3,5'),
(446, 118, 'Электропитание', '220 В 50/60 Гц'),
(447, 118, 'Габариты в упаковке, мм', '410х330х250 мм'),
(448, 118, 'Вес в упаковке, кг', '4,25'),
(449, 118, 'Вид упаковки', 'коробка, гофрокартон, 1 место'),
(450, 119, 'Кол-во мест', '2'),
(451, 119, 'Объем, л', '6,5'),
(452, 119, 'Материал корпуса', 'сталь, покрашенная порошковой краской'),
(453, 119, 'Материал ванны', 'нержавеющая сталь'),
(454, 119, 'Внешние размеры, мм', '520х220х175'),
(455, 119, 'Внутренние размеры, мм', '325х170х120'),
(456, 119, 'Полезная глубина, мм', '90'),
(457, 119, 'Нагрев, °С', 'комн. +10…+99,9'),
(458, 119, 'Точность установки заданной температуры, ºС', '0,1'),
(459, 119, 'Точность поддержания, ºС', '±1,0'),
(460, 119, 'Контроллер', 'цифровой'),
(461, 119, 'Таймер', '999 мин'),
(462, 119, 'Мощность, Вт', '600'),
(463, 119, 'Слив теплоносителя', 'Шланг с фиксатором'),
(464, 119, 'Вес, кг', '4,5'),
(465, 119, 'Электропитание', '220 В 50/60 Гц'),
(466, 119, 'Габариты в упаковке, мм', '560х330х250'),
(467, 119, 'Вес в упаковке, кг', '6,1'),
(468, 119, 'Вид упаковки', 'коробка, гофрокартон, 1 место'),
(469, 120, 'Производительность при номинальном напряжении, дм3/ч', '10 ± 10%'),
(470, 120, 'Род тока', 'Переменный'),
(471, 120, 'Напряжение,  В', '380'),
(472, 120, 'Частота тока питающей сети,  Гц', '50'),
(473, 120, 'Потребляемая мощность при номинальном напряжении, кВт', '7,5 ± 10%'),
(474, 120, 'Расход воды на охлаждение  и питание дм3/ч, не более', '200'),
(475, 120, 'Габаритные размеры аквадистиллятора, мм', '325 х 230 x 518'),
(476, 120, 'Габаритные размеры электрощита, мм', '217 х 169 х 98'),
(477, 120, 'Масса, нетто, кг', '10,5'),
(478, 120, 'Масса, брутто, кг', '12'),
(479, 120, 'Удельный расход исходной воды на 1 дм3 получаемой воды, дм3, не более', '25'),
(480, 120, 'Время установления рабочего режима, мин, не более', '30'),
(481, 120, 'Коэффициент очистки воды от радионуклидов, не менее', '3000'),
(482, 121, 'Напряжение питания, В', '220'),
(483, 121, 'Потребляемая мощность, Вт', '1500'),
(484, 121, 'Максимальная рабочая температура, °С', '300'),
(485, 121, 'Размеры рабочей камеры (ШхГхВ), мм', '510×250'),
(486, 121, 'Габариты печи (ШхГхВ), мм', '610x280x160'),
(487, 121, 'Масса печи, кг', '7'),
(488, 122, 'Кол-во мест', '2'),
(489, 122, 'Расположение колб', '1 ряд'),
(490, 122, 'Объем, л', '6,75'),
(491, 122, 'Материал корпуса', 'сталь, покрашенная порошковой краской'),
(492, 122, 'Материал ванны', 'нержавеющая сталь'),
(493, 122, 'Внешние размеры, ДхШхВ, мм', '324х175х215'),
(494, 122, 'Внутренние размеры, ДхШхВ, мм', '	300х150х150'),
(495, 122, 'Полезная глубина, мм', '100'),
(496, 122, 'Нагрев, °С', 'комн. +5…+100'),
(497, 122, 'Точность установки, ºС', '0,1'),
(498, 122, 'Точность поддержания, ºС', '±0,5'),
(499, 122, 'Контроллер', 'цифровой светодиодный дисплей'),
(500, 122, 'Градиент температуры по объёму, °С', '±1,0'),
(501, 122, 'Мощность, Вт', '500'),
(502, 122, 'Таймер, мин', '0-999'),
(503, 122, 'Вес', '4,1'),
(504, 146, 'Напряжение питающей сети, В', '220'),
(505, 146, 'Номинальный ток, потребляемый из сети, А', '1,25'),
(506, 146, 'Номинальная частота питающей среды, ГЦ', '50'),
(507, 146, 'Габаритные размеры не более, мм', '207х126'),
(508, 146, 'Масса не более, кг', '1,5'),
(509, 147, 'Напряжение питающей сети, В', '220'),
(510, 147, 'Потребляемая мощность, Вт', '1,25'),
(511, 147, 'Максимальная рабочая температура, °С', '300'),
(512, 147, 'Размеры рабочей камеры (ШхГхВ), мм', '510×250'),
(513, 147, 'Габариты печи (ШхГхВ), мм', '610x280x160'),
(514, 147, 'Масса печи, кг', '7'),
(515, 148, 'Объём стерилизационной камеры, л', '18'),
(516, 148, 'Внутренний диаметр и высота стерилизационной камеры, мм', 'Ø300 260'),
(517, 148, 'Внутренний диаметр и высота контейнера для стерилизации, мм', 'Ø275 240'),
(518, 148, 'Внутренний диаметр и высота поддона контейнера, мм', 'Ø250 17'),
(519, 148, 'Max безопасное давление, МПа', '0,165'),
(520, 148, 'Рабочее давление, МПа', '0,14-0,16'),
(521, 148, 'Диапазон регулировки давления, МПа', '0,05-0,16'),
(522, 148, 'Диапазон установленного времени, мин', '0-60'),
(523, 148, 'Потребляемая мощность, Вт', '2000'),
(524, 148, 'Напряжение и частота, В/Гц', '220±10%, 50'),
(525, 148, 'Габаритные размеры, мм', '390×400×550'),
(526, 148, 'Масса, кг', '16'),
(527, 149, 'Объём стерилизационной камеры, л', '35'),
(528, 149, 'Внутренний диаметр и высота стерилизационной камеры, мм', 'Ø300 410'),
(529, 149, 'Внутренний диаметр и высота контейнера для стерилизации, мм', 'Ø280 190'),
(530, 149, 'Внутренний диаметр и высота поддона контейнера, мм', 'Ø250 17'),
(531, 149, 'Диаметр внутренней крышки, мм', 'Ø295'),
(532, 149, 'Max Рабочее давление, МПа', '0,22'),
(533, 149, 'Диапазон регулировки давления, МПа', '0,07-0,22'),
(534, 149, 'Диапазон температуры, °С', 'от 105 до 134'),
(535, 149, 'Диапазон установленного времени, мин', '0 от 99'),
(536, 149, 'Потребляемая мощность, Вт', '2500'),
(537, 149, 'Напряжение и частота, В/Гц', '220±10%, 50'),
(538, 149, 'Габаритные размеры, мм', '470×450×1020'),
(539, 149, 'Масса, кг', '72'),
(540, 150, '\r\nМатериал наружных панелей', 'Нержавеющая сталь'),
(541, 150, 'Материал камеры', 'Нержавеющая сталь AISI 304 (08X18H10)'),
(542, 150, 'Толщина материала камеры, мм, не менее', '3'),
(543, 150, 'Материал водопаровой камеры', 'Нержавеющая сталь AISI 304 (08X18H10)'),
(544, 150, 'Толщина материала водопаровой камеры, мм, не менее', '2'),
(545, 150, 'Материал крышки камеры	\r\n', 'Нержавеющая сталь AISI 304 (08X18H10)'),
(546, 150, 'Толщина материала крышки камеры, мм, не менее', '3'),
(547, 150, 'Материал трубок, контактирующих с жидкостями и паром', 'Нержавеющая сталь, латунь, фторопласт'),
(548, 150, 'Объем стерилизационной камеры, л., не менее', '75'),
(549, 150, 'Размеры стерилизационной камеры, мм, (диаметр × глубина), не менее', '400x600'),
(550, 150, 'нешние размеры (Д×Ш×В), мм, не более', '700×560×1150'),
(551, 150, 'Масса, кг, не более', '120'),
(552, 150, 'Напряжение питания, В', '220'),
(553, 150, 'Мощность, кВт, не более', '8'),
(554, 150, 'Стандартный режим\r\n1 (температура-давление-время)\r\n\r\n2 (температура-давление-время)', '132°С — 0,2 МПа — 20 мин.\r\n\r\n120°С — 0,11 МПа — 45 мин.'),
(555, 150, 'Точность поддержания стерилизационной температуры, °C, не менее', '±2'),
(556, 150, 'Режим прогревочный', 'наличие'),
(557, 150, 'Остаточная влажность простерилизованных материалов, %, не более', '2'),
(558, 151, 'Номинальное напряжение, В/Гц', '220/50'),
(559, 151, 'Номинальная потребляемая мощность, Вт', '2х1200'),
(560, 151, 'Класс защиты', 'I'),
(561, 151, 'Тип прибора', 'A'),
(562, 151, 'Степень защиты', 'IP02'),
(563, 151, 'Диаметр нагревательного элемента, мм', '145'),
(564, 151, 'Регулирование мощности', 'бесступенчатое'),
(565, 151, 'Максимальный вес, устанавливаемый на плиту, кг', '15'),
(566, 151, 'Пределы регулировки средней мощности, %', 'от 20 до 100'),
(567, 151, 'Время нагрева до рабочей температуры, мин.', 'не более 1'),
(568, 151, 'Габаритные размеры (ШхГхВ), мм', '505х240х95'),
(569, 151, 'Масса, кг не более', '4,6'),
(570, 152, 'Номинальное напряжение, В/Гц', '220/50'),
(571, 152, 'Номинальная потребляемая мощность, Вт', '1200'),
(572, 152, 'Класс защиты', 'II'),
(573, 152, 'Тип прибора', 'A'),
(574, 152, 'Степень защиты', 'IP20'),
(575, 152, 'Диаметр нагревательного элемента, мм', '145'),
(576, 152, 'Регулирование мощности', 'бесступенчатое'),
(577, 152, 'Максимальный вес, устанавливаемый на плиту, кг', '8'),
(578, 152, 'Пределы регулировки средней мощности, %', 'от 0 до 100'),
(579, 152, 'Время нагрева до рабочей температуры, мин.', 'не более 1'),
(580, 152, 'Габаритные размеры (ШхГхВ), мм', '295х350х90'),
(581, 152, 'Масса, кг не более', '2,5'),
(582, 159, 'Цена деления шкалы, мм', '1'),
(583, 159, 'Масса подвижного стержня в сборе, г', '300±2'),
(584, 159, 'Габаритные размеры (не более), мм', '185х135х360'),
(585, 159, 'Габаритные размеры иглы\r\nдиаметр\r\nдлина', '1,1±0,04\r\n50±1'),
(586, 159, 'Габаритные размеры пестика\r\nдиаметр\r\nдлина', '10±0,1\r\n50±1'),
(587, 159, 'Масса пригруза, г', '170±0,5'),
(588, 159, 'Масса прибора (не более), кг', '3,6');

-- --------------------------------------------------------

--
-- Структура таблицы `products`
--

CREATE TABLE `products` (
  `id` int NOT NULL,
  `title` varchar(100) COLLATE utf8mb4_general_ci DEFAULT NULL,
  `description` varchar(1100) CHARACTER SET utf8mb4 COLLATE utf8mb4_general_ci DEFAULT NULL,
  `image` varchar(100) COLLATE utf8mb4_general_ci NOT NULL
) ENGINE=InnoDB DEFAULT CHARSET=utf8mb4 COLLATE=utf8mb4_general_ci;

--
-- Дамп данных таблицы `products`
--

INSERT INTO `products` (`id`, `title`, `description`, `image`) VALUES
(1, 'БИС-1 Аппарат для смешивания образцов зерна', 'Аппарат предназначен для смешивания образца зерна и выделения из него навесок по ранее заданной массе в 25, 50 и 100 г, для выделения части образца пропорционально весу зерна. Применяется на элеваторах, хлебоприемных предприятиях и мельзаводах.', 'ourProd1.jpg'),
(2, 'БУС к СЭШ-3М', 'БЛОК УПРАВЛЕНИЯ СУШИЛЬНЫМ ШКАФОМ СЭШ-3М. Блок управления предназначен для модернизации сушильного шкафа СЭШ-3М. путем замены электроконтактного термометра типа ТПК. Наличие блока расширяет возможности СЭШ-3М и делает его работу более простой и безопасной. Регулятор температуры на 105 и 130 градусов.', 'ourProd2.jpg'),
(3, 'Бюксы алюминиевые к СЭШ-3ЭМ', 'Бюксы алюминиевые к СЭШ-3М диаметр 48, высота 20 мм с крышкой. Используются при лабораторных исследованиях, для хранения и транспортировки проб. Применяются в лабораториях широкого профиля: строительных, горнодобывающих, пищевых, зерновых, химических', 'ourProd3.jpg'),
(4, 'Анализатор влажности MF-50', 'Бюджетный вариант анализатора влажности, когда нет высоких требований к точности измерения. Цена деления по влажности – 0,05%. Память на 10 программ и 50 результатов. Программное обеспечение WinCT для связи с ПК.', 'grainProcessing1.jpg'),
(5, '«Клевер-Мини» Анализатор молока', 'Данный аппарат является продолжением линейки приборов Клевер. В нем сочетаются основные возможности модели Клевер-2 и низкая стоимость.\r\nАнализатор молока Клевер-Мини имеет возможность проводить экспресс-оценку процентного содержания жира, белка, сухого обезжиренного молочного остатка (СОМО) и плотности в одной пробе свежего цельного, консервированного молока. Однако, в отличии от Клевер-2, набор характеристик, которые прибор измеряет, определяет клиент на этапе покупки прибора.', 'dairyProduction1.jpg'),
(6, 'Бюксы для грунта', 'Бюкс для взвешивания грунта диаметр 50мм высота 47мм с крышкой.Бюксы используются при лабораторных исследованиях, для хранения и транспортировки проб.Применяются в лабораториях широкого профиля: строительных, горнодобывающих, пищевых, зерновых, химических.Крышка бюксы хорошо пригнана к стакану без заеданий при снимании.Выполнены из сплава алюминия (выдерживают нагрев до 650°). Благодаря этому легкие и прочные.Позволяют хранить и транспортировать образцы. Применяются при лабораторных исследованиях(определение влажности грунтов, взвешивание).', 'ourProd4.jpg'),
(7, 'Бюксы сетчатые', 'Бюксы сетчатые с крышкой к сушильному шкафу СЭШ-3М диаметр 70мм, высота 20 мм. Бюксы сетчатые используются для лабораторных исследований и хранения проб грунтов, песчаных смесей, зерна, как емкость при определении влажности материалов в сушильных шкафах и др. лабораторном оборудовании.', 'ourProd5.jpg'),
(8, 'Влагомер ЦВЗ-3А', 'Влагомер для массового анализа зерна и зернопродуктов в том числе мука: в/с, 1с, 2с, пшеничная обойная, ржаная обойная, ржаная обдирная', 'ourProd6.jpg'),
(9, 'Встряхиватель лабораторный ВЛ1-М для вискозиметрических пробирок', 'Встряхиватель предназначен для автоматического приготовления смесей муки и воды в одной или двух вискозиметрических пробирках, при этом механическое перемешивание смесей способствует достижению высокой однородности.', 'ourProd7.jpg'),
(10, 'ДЗ-10М Делитель модернизированный на 10 л', 'Делитель проб зерна желобкового типа ДЗ модернизированный на 10 л по ISO размер лотка 28х14,5х13,5 см, металл покрытый порошковой краской.\r\nПримичания: делитель предназначен для деления проб сыпучих материалов на две равновеликие и равноценные по содержанию части.', 'ourProd8.jpg'),
(11, 'ДЗ-3М Делитель модернизированный на 3 л', 'Делитель проб зерна желобкового типа ДЗ модернизированный на 3 л по ISO размер лотков 20×11х9 металл покрытый порошковой краской. Делитель проб зерна желобкового типа ДЗ модернизированный на 3 л по ISO размер лотков 20×11х9 металл покрытый порошковой краской.', 'ourProd9.jpg'),
(12, 'ДЗ-5М Делитель модернизированный на 5 л', 'Делитель проб зерна желобкового типа ДЗ модернизированный на 5 л по ISO металл покрытый порошковой краской.\r\nПрименение:Делитель предназначен для деления проб сыпучих материалов на две равновеликие и равноценные по содержанию части.', 'ourProd10.jpg'),
(13, 'Доска разборная', 'Доска разборная предназначена для разбора проб при проведении анализов качества муки, крупы, зерна и т.д.Доска выполнена из дерева, имеет стеклянную двухстороннюю рабочую поверхность с одной стороны белого, с другой — черного цвета. С каждой стороны имеется выемка в бортике для удобного извлечения зерна с поверхности доски после проведения анализа. Разное цветовое решение необходимо для исследования зерен разного цвета. Например, пшеницу удобнее разбирать на черной стороне, а гречиху — на белой.Предназначена для использования в лабораториях хлебоприемных и зерноперерабатывающих предприятий, а также научно-исследовательских лабораториях и др.Доска используется для проведения таких лабораторных анализов, как определение сорной и зерновой примесей зерна (ГОСТ 30483-97), зараженности (ГОСТ 13586.4-83, 13586.6-93), стекловидности (ГОСТ 10987-76), массы 1000 зерен (ГОСТ 10842-89), содержания фузариозных зерен (ГОСТ Р 51916-2002) и многих других анализов.Габаритные размеры 300х 450 мм', 'ourProd11.jpg'),
(14, 'ЕТК-1 Тестомесилка лабораторная без дозатора', 'Предназначена для механизированного замеса теста при определении количества и качества клейковины в цельно-молотом зерне и муке при массе замешиваемой муки 0,01…0,05кг. поГОСТ 13586.1-68 и ГОСТ 2783988 применяется на хлебоприемных, мукомольных и хлебопекарных предприятиях, а также в лабораториях ГХИ и научно-исследовательских организациях.', 'ourProd12.jpg'),
(15, 'ЕТК-1М Тестомесилка с дозатором', 'Тестомесилка ЕТК-1М предназначена для замеса теста из цельносмолотого зерна пшеницы (шрота) и муки при определении количества и качества клейковины.Применяется в лабораториях хлебоприемных, мукомольных, хлебопекарных предприятий, а также ГХИ и научно-исследовательских организациях.Принцип работы тестомесилки ЕТК-1М заключается в смешивании компонентов, помещенных в дежу, образовании в ней теста и его интенсивном перемешивании вращающимися штифтами. Тестомесилка ЕТК-1М состоит из следующих составных частей: дежи, месильной головки, привода, узла дозирования воды, панели управления, электропанели, корпуса.Узел дозирования воды снабжен 3-х позиционным переключателем доз на 14, 17, 20 мл с точностью ±2 % для замеса теста соответственно из 25, 30 и 50 г навески шрота или муки На верхней крышке корпуса имеется смотровое окно для наблюдения за работой узла подачи воды. На лицевой части корпуса расположен штуцер выпуска воды.', 'ourProd13.jpg'),
(16, 'ИДК-10 Измеритель деформации клейковины', 'Измеритель деформации клейковины (осн.погр.+0,5 усл.ед.) с поверкой РЕГИСТРАЦИОННЫЙ НОМЕР в Госреестре 79374-20 Зарегистрирован в Республике Казахстан 21.10.2021 г. за № KZ.02.03.00769-2021/79374-20\r\nИзмеритель деформации клейковины ИДК-10, именуемый в дальнейшем по тексту прибор, предназначен для определения группы качества клейковины в пшенице по условным единицам согласно ГОСТ Р 54478-2011 при воздействии на образец сырой клейковины нормированной деформирующей нагрузки в течение нормированного интервала времени.', 'ourProd14.jpg'),
(17, 'ИДК-5М Измеритель деформации клейковины', 'Измеритель деформации клейковины (осн.погр.+1усл.ед) Измеритель деформации клейковины ИДК-5М, предназначен для определения группы качества клейковины в пшенице по условным единицам согласно ГОСТ Р 54478-2011 при воздействии на образец сырой клейковины нормированной деформирующей нагрузки в течение нормированного интервала времени.', 'ourProd15.jpg'),
(18, 'ИТЦ Индикатор температуры цифровой', 'Индикатор температуры цифровой, длина термощупа (из нержавейки) 1 м, 2м, 3м\r\nНазначение:\r\nПредназначен для измерения температуры зерна и семян в складах и зернохранилищах.\r\nТехнические характеристики:\r\nДиапазон измерения температуры, °С -30…+80\r\nРазрешающая способность, °С ±0,5\r\nСреднее время измерения, мин 5\r\nМаксимальная глубина измерения, м 3\r\nНапряжение питания (элемент типа «Крона»),В 9\r\nПотребляемый ток не более, мА 2\r\nДлинна термощупа, м 1,2,3', 'ourProd16.jpg'),
(19, 'Коробка для хранения образцов зерна, оцинкованная с крышкой КХОЗ -3,5л/10л', 'Коробки предназначены для хранения среднесуточных образцов зерна. Применяются в лабораториях предприятий системы заготовок', 'ourProd17.jpg'),
(20, 'ЛМТ-1М Мельница лабораторная', 'Предназначена для измельчения зерна пшеницы, ржи и других сельскохозяйственных культур с влажностью до 20% с целью определения технологических показателей качества. При определенных условиях возможен размол комбикорма, зерен сои, фармацевтических веществ и химикатов.Мельница может применяться для быстрого измельчения зерна пшеницы при подготовке проб для определения количества и качества клейковины, «числа падения», а также других показателей, при определении которых требуется размол продукта до заданной крупности.Мельница может использоваться в ПТЛ хлебоприемных, мукомольных и зерноперерабатывающих предприятий, лабораториях ГХИ, в системе сельского хозяйства, селекционных и научно-исследовательских организациях, в независимых лабораториях и других организациях, занимающихся оценкой качества сельскохозяйственных культур и продуктов их переработки.', 'ourProd18.jpg'),
(21, 'Охладитель к СЭШ-3ЭМ, СЭШ-10ЭМ', 'Охладитель бюкс лабораторный предназначен для охлаждения бюкс с продуктом после сушки в сушильном шкафу СЭШ-3ЭМ, СЭШ-10ЭМ и других устройствах при определении влажности зерна и зернопродуктов в условиях элеваторных, мельничных и заводских лабораторий.Для охлаждения бюкса с высушенным продуктом вынимается из сушильного шкафа и ставится на место с отверстиями через которые охлаждаеся воздушным потоком, создаваемым крыльчаткой, насаженной на вал электродвигателя.', 'ourProd19.jpg'),
(22, 'Пресс ПРЛ-2А лабораторный', 'Пресс отжима масла семян подсолнечника лабораторный ПРЛ-2А (далее пресс) предназначен для отжима масла из пробы семян подсолнечника с целью определения кислотного числа масла по ГОСТ 10858-77. Пресс может быть использован в производственных и научно-исследовательских  лабораториях.', 'ourProd20.jpg'),
(23, 'Пресс ручной ПР12Т-1М', 'Пресс ручной 12т, модернизированный ПР12Т-1М предназначен для получения пробы масла из подсолнечника для определения кислотного числа. Пресс применяется в лабораторных предприятиях пищевой промышленности.', 'ourProd21.jpg'),
(24, 'Прибор Журавлева ПЖ-1М с калибровкой', 'Прибор Журавлева предназначен для определения пористости хлебобулочных изделий. Устройство позволяет из куска хлеба вырезать определенный объем и по результатам взвешивания его произвести расчет пористости хлеба.Состоит из калибровочного цилиндра, выталкивателя, стакана и отрезного ножа. По устойчивости к климатическим воздействиям устройство соответствует исполнению УХЛ. категории размещения 4.2 по ГОСТу 15150.', 'ourProd22.jpg'),
(25, 'Прибор Чижовой ПЧ-МЦТ', 'Прибор ПЧ-МЦТЗФ (ПЧ-МЦТ) модернизированный цифровой с таймером для определения влажности образцов пищевых продуктов с автоматическим регулированием температуры плит прибора предназначен для оперативного контроля влажности полуфабрикатов — небольших навесок.\r\nПрибор применяется в лабораториях предприятий пищевой промышленности (хлебопекарной, кондитерской, молочной, мясной и т.п.)', 'ourProd23.jpg'),
(26, 'Прибор Чижовой ПЧ-МЦТЗФ', 'Прибор ПЧ-МЦТЗФ (ПЧ-МЦТ) для определения влажности образцов пищевых продуктов с автоматическим регулированием температуры плит прибора (в дальнейшем — прибор) предназначен для оперативного контроля влажности полуфабрикатов — небольших навесок.Прибор применяется в лабораториях предприятий пищевой промышленности (хлебопекарной, кондитерской, молочной, мясной и т.п.).', 'ourProd24.jpg'),
(27, 'Пробоотборник автомобильный алюминиевый ПАА-1', 'Пробоотборник автомобильный алюминиевый ПАА-1 щелевидный 1,5м, активная часть 1 м, отбор проб 750 г по всей длине, диаметр 35 мм, 6 окошек без ручек', 'ourProd25.jpg'),
(28, 'Пробоотборник автомобильный алюминиевый ПАА-3', 'Главное достоинство – постепенный многоуровневый отбор проб без повреждения  зерен.\r\nПробоотборник автомобильный алюминиевый ПАА-3 щелевидный 1,5 м, с ручками, диаметр 35 мм, 6 окошек.\r\nПробоотборники изготавливаются в соответствии требованиями ГОСТ\r\nПрост в обслуживании, имеет низкий вес и прочную конструкцию.', 'ourProd26.jpg'),
(29, 'Пробоотборник автомобильный алюминиевый ПАА-40', 'Главное достоинство – постепенный многоуровневый отбор проб без повреждения  зерен.\r\nПробоотборник автомобильный алюминиевый ПАА-40 щелевидный 1,5 м, по всей длине, с ручками, диаметр 40 мм.\r\nПробоотборники изготавливаются в соответствии требованиями ГОСТ\r\nПрост в обслуживании, имеет низкий вес и прочную конструкцию.', 'ourProd27.jpg'),
(30, 'Пробоотборник автомобильный алюминиевый ПААС-40', 'Главное достоинство – постепенный многоуровневый отбор проб без повреждения  зерен.\r\nПробоотборник автомобильный алюминиевый ПААС-40 Длина 1,5, отверстия открываются по спирали,5 окошек, диаметр 40 мм, с ручками.\r\nПробоотборники изготавливаются в соответствии требованиями ГОСТ\r\nПрост в обслуживании, имеет низкий вес и прочную конструкцию.', 'ourProd28.jpg'),
(31, 'Пробоотборник автомобильный алюминиевый спиралевидный ПААС-3', 'Главное достоинство – постепенный многоуровневый отбор проб без повреждения  зерен.\r\nПробоотборник автомобильный алюминиевый спиралевидный ПААС-3. Длина 1,5 м, с ручками, отверстия открываются по спирали, диаметр 35 мм, 6 окошек.\r\nПробоотборники изготавливаются в соответствии требованиями ГОСТ\r\nПрост в обслуживании, имеет низкий вес и прочную конструкцию.', 'ourProd29.jpg'),
(32, 'Пробоотборник автомобильный ПАА-50 автомобильный алюминиевый', 'Главное достоинство – постепенный многоуровневый отбор проб без повреждения  зерен.\r\nПробоотборник автомобильный ПАА-50 автомобильный алюминиевый Длина 1,5, отверстия открываются по прямой,5 окошек, диаметр 50 мм, с ручками.\r\nПробоотборники изготавливаются в соответствии требованиями ГОСТ\r\nПрост в обслуживании, имеет низкий вес и прочную конструкцию.', 'ourProd30.jpg'),
(33, 'Пробоотборник автомобильный ПААС-50-автомобильный алюминиевый', 'Главное достоинство – постепенный многоуровневый отбор проб без повреждения  зерен.\r\nПробоотборник автомобильный ПААС-50-автомобильный алюминиевый Длина 1,5, отверстия открываются по спирали,5 окошек, диаметр 50 мм, с ручками.\r\nПробоотборники изготавливаются в соответствии требованиями ГОСТ. \r\nПрост в обслуживании, имеет низкий вес и прочную конструкцию.', 'ourProd31.jpg'),
(34, 'Пробоотборник вагон-ный алюминиевый ПВА-2,5', 'Главное достоинство – постепенный многоуровневый отбор проб без повреждения  зерен.\r\nПробоотборник вагонный алюминиевый ПВА-2,5 М щелевидный 2,5 м, диаметр 50 мм, от 11 и более окошек, с ручками. \r\nПробоотборники изготавливаются в соответствии требованиями ГОСТ\r\nПрост в обслуживании, имеет низкий вес и прочную конструкцию.', 'ourProd32.jpg'),
(35, 'Пробоотборник вагонный алюминиевый ПВА-1', 'Главное достоинство – постепенный многоуровневый отбор проб без повреждения  зерен.\r\nПробоотборник вагонный алюминиевый ПВА-1 щелевидный 2,0 м, активная часть 1,7 м, отбор проб.750 г по всей длине диаметр 35 мм, 9 окошек, без ручек.\r\nПробоотборники изготавливаются в соответствии требованиями ГОСТ\r\nПрост в обслуживании, имеет низкий вес и прочную конструкцию.', 'ourProd33.jpg'),
(36, 'Пробоотборник вагонный алюминиевый ПВА-2,5 М', 'Главное достоинство – постепенный многоуровневый отбор проб без повреждения  зерен.\r\nПробоотборник вагонный алюминиевый ПВА-2,5 М щелевидный 2,5 м, диаметр 40 мм, от 11 и более окошек, с ручками.\r\nПробоотборники изготавливаются в соответствии требованиями ГОСТ\r\nПрост в обслуживании, имеет низкий вес и прочную конструкцию', 'ourProd34.jpg'),
(37, 'Пробоотборник вагонный алюминиевый ПВА-3,5М', 'Главное достоинство – постепенный многоуровневый отбор проб без повреждения  зерен.\r\nПробоотборник вагонный алюминиевый ПВА-3,5М щелевидный 3,5 м, диаметр 40 мм от 11 и более окошек. Пробоотборники изготавливаются в соответствии требованиями ГОСТ.\r\nПрост в обслуживании, имеет низкий вес и прочную конструкцию.', 'ourProd35.jpg'),
(38, 'Пробоотборник вагонный алюминиевый ПВА-3М', 'Главное достоинство – постепенный многоуровневый отбор проб без повреждения  зерен.\r\nПробоотборник вагонный алюминиевый ПВА-3М щелевидный 3,0 м, диаметр 40 мм, от 11 и более окошек, с ручками.\r\nПробоотборники изготавливаются в соответствии требованиями ГОСТ\r\nПрост в обслуживании, имеет низкий вес и прочную конструкцию.', 'ourProd36.jpg'),
(39, 'Пробоотборник вагонный алюминиевый ПВА-3М', 'Главное достоинство – постепенный многоуровневый отбор проб без повреждения  зерен.\r\nПробоотборник вагонный алюминиевый ПВА-3М щелевидный 3,0 м, диаметр 50 мм, от 11 и более окошек, с ручками.\r\nПробоотборники изготавливаются в соответствии требованиями ГОСТ.\r\nПрост в обслуживании, имеет низкий вес и прочную конструкцию.', 'ourProd37.jpg'),
(40, 'Пробоотборник вагонный алюминиевый ПВА-40', 'Главное достоинство – постепенный многоуровневый отбор проб без повреждения  зерен.\r\nПробоотборник вагонный алюминиевый ПВА-40 щелевидный 2,0 м, с ручками, активная часть 1,7 м, отбор проб.750 г по всей длине, диаметр 40 мм, 9 окошек.\r\nПробоотборники изготавливаются в соответствии требованиями ГОСТ\r\nПрост в обслуживании, имеет низкий вес и прочную конструкцию.', 'ourProd38.jpg'),
(41, 'Пробоотборник вагонный алюминиевый ПВАС-40', 'Главное достоинство – постепенный многоуровневый отбор проб без повреждения  зерен.\nПробоотборник вагонный алюминиевый ПВАС-40 Длина 2,0 м, с ручками, активная часть 1,7 м, отбор проб.750 г по спирали, диаметр 40 мм, 9 окошек.\nПробоотборники изготавливаются в соответствии требованиями ГОСТ\nПрост в обслуживании, имеет низкий вес и прочную конструкцию.', 'ourProd39.jpg'),
(42, 'Пробоотборник вагонный алюминиевый спиралевидный ПВАС-3', 'Главное достоинство – постепенный многоуровневый отбор проб без повреждения  зерен.\r\nПробоотборник вагонный алюминиевый спиралевидный ПВАС-3 Длина 2,0 м, с ручками, активная часть 1,7 м, отбор проб.750 г по всей длине, отверстия открываются по спирали, диаметр 35 мм, 8 окошек.\r\nПробоотборники изготавливаются в соответствии требованиями ГОСТ\r\nПрост в обслуживании, имеет низкий вес и прочную конструкцию', 'ourProd40.jpg'),
(43, 'Пробоотборник вагонный ПВА-50', 'Главное достоинство – постепенный многоуровневый отбор проб без повреждения  зерен.\r\nПробоотборник вагонный ПВА-50 Длина 2,0 м, отверстия открываются по прямой, 9 окошек диаметр 50 мм, с ручками.\r\nПробоотборники изготавливаются в соответствии требованиями ГОСТ\r\nПрост в обслуживании, имеет низкий вес и прочную конструкцию.', 'ourProd41.jpg'),
(44, 'Пробоотборник вагонный ПВАС-50', 'Главное достоинство – постепенный многоуровневый отбор проб без повреждения  зерен.\r\nПробоотборник вагонный ПВАС-50 Длина 2,0 м, отверстия открываются по спирали, 9 окошек диаметр 50 мм, с ручками.\r\nПробоотборники изготавливаются в соответствии требованиями ГОСТ\r\nПрост в обслуживании, имеет низкий вес и прочную конструкцию.', 'ourProd42.jpg'),
(45, 'Пробоотборник почв-бур ППБ 2 м. масса навески 200 г, 500г', 'Длина 2м, диаметр 50мм, забор на 200г и 500г\r\nПробоотборник почвы-бур предназначен для взятия проб почвы, грунта, донных отложений, кроме глинистых и каменистых почв. Пробоотборник может использоваться экологическими службами, геологами в повседневной работе, а также для отбора различных проб слежавшихся сыпучих веществ. Пробоотборник почвы-бур изготовлен из стали, и состоит из наконечника и составной штанги, которая может удлиняться в зависимости от необходимой глубины взятия пробы.', 'ourProd43.jpg'),
(46, 'Пурка ПХ-1МЦ', 'Прибор, служащий для определения натуры зерна. С свидетельством о поверке. Зарегистрирована в Госреестре России Регистрационный № 71578-18, Казахстана № KZ.02.03.00096-2019/71578-18, Армении № АМ 7851-19, Белоруссии и Таджикистана №RU.С.999.А№681 49800', 'ourProd44.jpg'),
(47, 'ПЧП-10 Прибор для определения числа падения', 'Прибор для определения числа падения с поверкой РЕГИСТРАЦИОННЫЙ НОМЕР в Госреестре 79754-20 Зарегистрирован в Республике Казахстан21.10.2021 г. за № KZ.02.03.00770-2021/79754-20\r\nПрибор для определения числа падения ПЧП-10 (далее прибор) предназначен для контроля одного из показателей качества зерна, муки и других крахмалосодержащих продуктов путем определения активности альфа-амилазы.Прибор реализует метод, основанный на быстрой клейстеризации водной суспензии муки в кипящей водяной бане и последующем измерении степени разжижения клейстера под действием альфа-амилазы, содержащейся в пробе. (Международные стандарты ICC № 107, ISO № 3093-82, ГОСТ 27676 и ГОСТ 30498).', 'ourProd45.jpg'),
(48, 'Рассев одногнездный ЕРЛ-1Ц', 'Одногнездный, (диаметр 200мм; 300мм) применяется для определения:\r\n— зараженности зерна насекомыми в явной форме;\r\n— сорной и зерновой примесей, крупности и содержания мелкого зерна пшеницы, ржи, овса, ячменя, проса, гречихи, риса, кукурузы;\r\n— качества крупы;\r\n— крупности муки и размола комбикорма.\r\nВ комплекте\r\nДонышко-200мм,\r\nКрышка -200 мм\r\nДонышко-300мм,\r\nКрышка -300 мм\r\n(сита не входят в комплект)', 'ourProd46.jpg'),
(49, 'Рассев РЛ-3МЦ', 'Рассев РЛ-3 МЦ на зараженность (диаметр 300 мм) (с набором сит и воронкой) в комплекте 2 сита (1,5;2,5)\r\n\r\n1.Частота колебаний ситового пакета — 120 на заражённость,\r\n\r\n2.Амплитуда колебаний — (25±1) мм.\r\n\r\n3.Потребляемая мощность — 25 Вт.\r\n\r\n4.Габаритные размеры, не более: длина  456 мм; ширина  490 мм;высота  560 мм.\r\n\r\n5.Масса Рассева (без сит), не более — 40 кг.\r\n\r\n6.Средняя наработка на отказ, не менее -1000 циклов.\r\n\r\n7.Установленный срок службы, не менее — 6 лет.\r\n\r\nРассев РЛ-3МЦ оснащён таймером(1-60 минут диапазоном), с  точностью 1 секунд.', 'ourProd47.jpg'),
(50, 'Рассев РЛ-5МЦ', 'Рассев РЛ-5МЦ. В комплекте 3 донышка, 3 крышки -200 мм.1 донышко 300 мм, 1 крышка -300 мм.(сита не входят в комплект). Универсальный трехгнездный, лабораторный (диаметр 200мм; 300мм), цифровой таймер применяется для определения:\r\n— зараженности зерна насекомыми в явной форме;\r\n— сорной и зерновой примесей, крупности и содержания мелкого зерна пшеницы, ржи, овса, ячменя, проса, гречихи, риса, кукурузы;\r\n— качества крупы;\r\n— крупности муки и размола комбикорма.', 'ourProd48.jpg'),
(51, 'Розетка для образцов зерна', 'Розетка для образцов зерна 100; 120 ; 200 (оцинкованная)\r\nНазначение:\r\nРозетки для образцов зерна используются в лабораториях агропромышленного комплекса.', 'ourProd49.jpg'),
(52, 'Сито лабораторное', 'Сита лабораторные полиамидные, металлотканые, пробивные с круглой и продолговатой ячейкой. Диаметр 300 и 200 мм. Обечайка изготовлена из пищевой оловянной стали.', 'ourProd50.jpg'),
(53, 'Совочки лабораторные', 'Совочки лабораторные № 1 (нерж) для определения засоренности зерна (4,х5)\r\n38 ширх60 дл\r\nСовочки лабораторные № 2 (алюминиевые) для высыпания навесок размолотого зерна (муки) в бюксы (4х6)\r\n48 шир х50 дл\r\nСовочки лабораторные №3 (алюминиевые) для заполнения стакана влагомера 55 (влажность)\r\n105х40:', 'ourProd51.jpg'),
(54, 'СЭШ-10ЭМ Сушильный шкаф электронный', 'Электрошкаф сушильный электронный с свидетельством о поверке, номер в Госреестре России 77960-20  Госреестр Казахстана KZZPKQ4202110016277CBA1DC8.СЭШ-10ЭМ предназначены для измерений массовой доли влаги (влажности) в зерне, зернопродуктах и семенах масличных культур по стандартизованным методикам на конкретное вещество (продукт).', 'ourProd52.jpg'),
(55, 'СЭШ-3ЭМ Электрошкаф сушильный электронный', 'Электрошкаф сушильный электронный для измерений влажности зерна и зернопродуктов.Предназначен для измерений массовой доли влаги (влажности) в зерне, зернопродуктах и семенах масличных культур по стандартизованным методикам на конкретное вещество (продукт).', 'ourProd53.jpg'),
(56, 'Термоштанга 2,5-3,5 метра ТШТ-1М', 'ТШТ-1М Термоштанга 2,5 или 3,5 метра с термометром с металлическим наконечником (цельная, материал-сталь)\r\nТермоштанга с термометром телескопическая ТШТ (2,5-3,5 м) предназначена для измерения температуры зерна, зернопродуктов и других сыпучих масс в насыпях, емкостях, складах, автомобилях и вагонах.\r\nПрименяется на хлебоприемных и зерноперерабатывающих предприятиях, предприятиях пищевой и комбикормовой промышленности, в других сельскохозяйственных организациях для контроля температуры. Термоштанга позволяет проводить измерения температуры насыпи на глубине от поверхности до 3,5 м.\r\nТермоштанга представляет собой раздвижное телескопическое устройство, изготовленное из двух металлических тонкостенных труб, покрытых пластиком, на нижнем конце которого находится конусный наконечник с установленным внутри спиртовым термометром\r\nКонструкция:\r\n• конусный наконечник\r\n• смотровое окно\r\n• термометр спиртовой ТС-7\r\n• внутренний корпус — труба Ø21 мм\r\n• наружный корпус — труба Ø25 мм', 'ourProd54.jpg'),
(57, 'Установка У17 ЕКГ-1М', '\r\nУстановка для определения крошимости гранул У17-ЕКГ-1М (далее установка) предназначена для механического воздействия на пробы комбикорма при определении показателя крошимости гранулированных комбикормов и гранулированного комбикормового сырья по ГОСТ 28497-90.Установка применяется в лабораториях комбикормовых предприятий, оснащенных оборудованием для гранулирования.Изготовляется в климатическом исполнении «УХЛ», категория размещения 4.2, ГОСТ 15150-69.\r\nПараметры сетевого питания 220 (+22, -33) В; частота 50±1 Гц.', 'ourProd55.jpg'),
(58, 'Устройство для внесения таблеток в зерновые бурты, длина 2,0 м.', 'Устройство для внесения таблеток в зерновые бурты, длина 2,0 м, диаметр 30 мм', 'ourProd56.jpg'),
(59, 'Чашки лабораторные пластмассовые', 'Чашки лабораторные № 1 для определения засоренности зерна, Ø 60/20 мм, чашки лабораторные № 2 для подсушивания проб зерна, Ø 85/30 мм, чашки лабораторные № 3 для определения засоренности зерна, Ø 105/40 мм\r\nЧашечки лабораторные предназначены для временного размещения и взвешивания проб и навесок. Применяется в большинстве анализов проводимых по ГОСТам при определении качества муки, крупы, зерна и т. д.\r\nНазначение:\r\nЧашечки лабораторные № 1 и № 3 предназначены для лабораторных работ при определении засоренности зерна.\r\nЧашечка № 2 — при подсушивании проб зерна.\r\nПрименяются в лабораториях предприятий системы заготовок.', 'ourProd57.jpg'),
(60, 'Шпатель зерновой МЛИ-5', 'Шпатель зерновой алюминиевый МЛИ-5\r\nНазначение:\r\nШпатель зерновой двухсторонний(12см) предназначен для разбора образцов зерна, отделения примесей и т.д.\r\n\r\nПредназначен для набирания вещества при взвешивании на весах, для разбора образцов зерна, отделения примесей и др. Шпатель имеет две рабочие стороны, скошенную и закругленную, с круглым держателем в центре.', 'ourProd58.jpg'),
(61, 'Щуп амбарный ЩА', 'Щуп амбарный ЩА предназначен для взятия пробы зерна в амбарах и складах. Применяется на хлебоприемных предприятиях.\r\nОбъем продукта, забираемого Щупом 310 см 3\r\nДлина Щупа 2820 мм (состоит из 2х частей)\r\nДиаметр заборной части Щупа 40 мм.\r\nМасса 4,6 кг', 'ourProd59.jpg'),
(62, 'Щуп вагонный (автомобильный) ЩВ', 'ЩВ. Щуп автомобильный (вагонный) предназначен для взятия проб зерна с автомобилей и вагонов. Применяется на хлебоприемных предприятиях.\r\nОбъем продукта, забираемого Щупом 115 см 3\r\nДлина Щупа 1200 мм\r\nДиаметр заборной части Щупа 140 мм.\r\nМасса 1,63 кг', 'ourProd60.jpg'),
(63, 'Щупы мешочные', 'Щупы мешочные ЩМ цилиндрического типа предназначены для отбора точечных проб зерна и других сыпучих продуктов и материалов, находящихся в мешках.\r\nЩМ щуп мешочный (нерж. сталь) длинна 350 диаметр 12-14\r\nТехнические характеристики\r\nОбъем продукта, забираемого Щупом 15 см3.\r\nДлина Щупа 350 мм.\r\nДлина рабочей части (заборника) 250 мм.\r\nДиаметр Щупа 12 мм.\r\nМасса 0.22 кг.\r\nЩуп мешочный диаметр 25мм, длина 500мм (для фасоли, орехов, миндаля, фисташек и т.д.', 'ourProd61.jpg'),
(64, 'Анализатор влажности MS-70', '\r\nMS-70 – для исследований образцов с очень низким содержанием влаги:\r\nДоля влаги в продукте менее 2%.\r\nВысокие требования по точности измерения до 3-го знака (тысячные).\r\nИзмерения с высокой повторяемостью.\r\nИзмерение влаги небольшого образца.\r\nПримеры: соль, сахар, пластины и т.д.', 'grainProcessing2.jpg'),
(65, 'Анализатор влажности MX-50', 'Анализаторы влажности от A&D – современные модели, проводящие измерения термогравиметрическим экспресс методом\r\nПрименимость MX-50:\r\nДоля влаги в продукте более 50%.\r\nИзмерения с точностью до 1-го знака (десятые).\r\nСравнительно большая масса продукта.\r\nПримеры: майонез, мясо, молоко и т.д.', 'grainProcessing3.jpg'),
(66, 'Анализатор влажности Sartorius МА-35', 'Принцип действия инфракрасного термогравиметрического анализатора основан на прогреве образца инфракрасным излучением с автоматическим взвешиванием в процессе сушки и отображением результата измерения на дисплее.\r\nНазначение\r\nМА-35 предназначен для проведения повседневных процессов по определению влажности при технологическом контроле и входном / выходном контроле продукции.', 'grainProcessing4.jpg'),
(67, 'Весы лабораторные HCB-302', 'Весы электронные лабораторные серии Highland — простая модель эконом класса с базовым набором функций. Весы могут применяться на предприятиях различных отраслей промышленности, сельского хозяйства, в научно-производственных и учебных лабораториях.', 'grainProcessing5.png'),
(68, 'Весы лабораторные JW-1-200', 'Проверенные временем и прекрасно зарекомендовавшие себя лабораторные весы. Наличие всех базовых функций, простота использования и выгодная цена делают электронные весы ACOM JW-1 прекрасным выбором профессионала.', 'grainProcessing6.jpg'),
(69, 'Весы лабораторные JW-1-300', 'Весы лабораторные JW-1-300\r\nНомер в Госреестре 70462-18\r\nНаибольший предел взвешивания (НПВ) 300 г\r\nНаименьший предел взвешивания (НмПВ) 0.2 г\r\nЦена деления (d) 0.01 г\r\nЦена поверочного деления (e) 0.01 г\r\nГОСТ OIML R 76-1-2011\r\nКласс точности II высокий\r\nПределы допускаемой погрешности в эксплуатации\r\n— от 0.2 г до 50 г: ± 0.01 г\r\n— от 50 г до 200 г: ± 0.02 г\r\n— от 200 г до 300 г: ± 0.03 г\r\nКалибровка внешняя\r\nГиря для калибровки (рекомендуемая) F2-300 г\r\nДисплей жидкокристаллический с подсветкой\r\nРазмер платформы Ø123 мм\r\nИнтерфейс RS-232\r\nПылевлагозащита нет\r\nПитание сеть / встроенный блок для батарей (опция)\r\nПоддонный крюк для гидростатического взвешивания да (опция)\r\nГабариты 280×250×65 мм\r\nВес 0.95 кг\r\nПроизводитель ACOM\r\nСтрана происхождения Корея\r\nГарантия 2 года', 'grainProcessing7.jpg'),
(70, 'Весы лабораторные JW-1-3000', 'Особенности\r\nАвтоматическая и ручная установка нуля, счетный и процентный режимы взвешивания, учет веса тары\r\nКлавиатура на русском языке\r\nКонтрастный жидкокристаллический дисплей\r\nИнтерфейс RS-232 в базовой комплектации\r\nПитание от сети через адаптер 9V/300mA, а также возможность питания от 6 батарей типа АА (опция)\r\nКрюк для поддонного взвешивания и измерения плотности (опция)', 'grainProcessing8.jpg'),
(71, 'Весы лабораторные MWP-300', NULL, 'grainProcessing9.jpg'),
(72, 'Весы лабораторные MWP-3000', NULL, 'grainProcessing10.jpg'),
(73, 'Весы лабораторные ВК-300.1', 'Весы предназначены для измерений массы легких и сверхлегких предметов в лабораториях предприятий, аптеках, ломбардах, ювелирных мастерских. Весы позволяют работать в счетном режиме, режиме процентного взвешивания и подсчитывать суммарную массу товара. Встроенный аккумулятор обеспечивает автономную работу весов до 24 часов. Обмен информацией с внешними устройствами реализован по интерфейсу RS-232.', 'grainProcessing11.jpg'),
(74, 'Весы лабораторные ВК-3000.1', 'Весы предназначены для измерений массы легких и сверхлегких предметов в лабораториях предприятий, аптеках, ломбардах, ювелирных мастерских. Весы позволяют работать в счетном режиме, режиме процентного взвешивания и подсчитывать суммарную массу товара. Встроенный аккумулятор обеспечивает автономную работу весов до 24 часов. Обмен информацией с внешними устройствами реализован по интерфейсу RS-232.', 'grainProcessing12.jpg'),
(75, 'Влагомер Farmpoint', 'Влагомер Farmpoint компании «SUPERTECH AGROLINE» применяется для экспрессного анализа влажности зерна в лабораторных и полевых условиях, при уборке, хранении и переработке зерна, при послеуборочной обработке и сушке зерна, на токах, при размещении зерна в хранилищах; при увлажнении зерна перед помолом. Это удобный, переносной электронный прибор, где показания содержания влаги отображаются в процентах на электронном дисплее. Главная особенность прибора – универсальность, возможность работы со многими видами зерна, семян трав без предварительного измельчения, а также муки в широком диапазоне влажности и с очень высокой точностью.', 'grainProcessing13.jpg'),
(76, 'Влагомер mini GAC', 'Зерновые анализаторы влажности mini GAC и mini GAC plus.\r\nСамый точный портативный влагомер, который обеспечивает быстрое и простое получение результатов.\r\nИзмерять содержание влаги в зерне, поступившем прямо с поля, никогда не было проще, чем с помощью семейства портативных зерновых влагоанализаторов DICKEY- john mini GAC. Эти отмеченные наградами портативные влагомеры характеризуются высочайшим уровнем точности в своем классе. Кроме того, устройства mini GAC работают быстро и просты в эксплуатации.', 'grainProcessing14.jpg'),
(77, 'Влагомер Sartorius МА-160', 'Влагомер МА160 прост в управлении и выполняет измерения быстро и с высокой повторяемостью. Функция помощника позволяет создавать новые методики (программы) управления. Методики управления для различных продуктов могут быть сохранены в файлы. МА160 позволяет переносить созданные методики между отдельными инструментами. Конструкция BetterClean позволяет легко выполнять очистку. Световой индикатор показывает состояние измерения, а функция меню «Проверка характеристик» (Performance-Test) упрощает тестирование прибора на повторяемость результатов измерений Модель МА160 идеальна для тех, кому необходим надежный влагомер, универсальный в применении.', 'grainProcessing15.jpg'),
(78, 'Влагомер для зерна HE Lite', 'Влагомер зерна He Lite точный многофункциональный измеритель влажности с дополнительными возможностями и с расширенным диапазоном измерения влажности зерновых культур.Электронный быстродействущий влагомер HE Lite (Pfeuffer, Германия) предназначен для измерения влажности (экспресс-анализ) зерновых, бобовых масличных культур в условиях уборки, послеуборочной обработки, хранения и переработки.Влагомер представляет собой микропроцессорный электронный прибор — одну из последних разработок ведущего производителя лабораторного оборудования в Европе.Механизм ручной мельницы позволяет получить более точные результаты.\r\nВозможный уровень смещения от -2% до +2% позволяет получить корректировочное значение влажности.\r\nВо влагомере предусмотрена автоматическая компенсация температуры зерна.', 'grainProcessing16.jpg'),
(79, 'Влагомер зерна PM-450', 'Влагомер зерна (измеритель влажности) PM-450 – одна из выдающихся разработок японской фирмы Кett в сфере портативных экспресс — влагомеров с большим набором функций.Основные особенности влагомера зерна PM-450: — память устройства способна хранить 26 культур. — усреднение данных измерений производится одним нажатием кнопки. — практически для всех культур диапазон измерений составляет от 6 до 30%; для зерновых культур диапазон расширяется: от 6 до 47%. — определение натуры зерна, г/л. — автоматическое введение поправки по температуре. — возможность смещения градуировок от -5,9% до 5,9%. — возможность подключения принтера для распечатки полученных данных. — индикация разряда батарей. — автоматическое отключение питания.\r\nВлагомер РМ-450 (измеритель влажности) предназначен для определения влажности зерна и зернобобовых культур.\r\nВлагомер зерна РМ-450 выдает результат измерения через 2-3 сек. с точностью 0,3%. Мощный инструмент для полевых работ. Универсальный.', 'grainProcessing17.jpg'),
(80, 'Влагомер зерна PM-650', 'Влагомер-натуромер зерна РМ-650 измеряет влажность, температуру и натуру зерна.\r\nСертифицирован и внесён в Государственный реестр средств измерений, допущенных к применению в Российской Федерации. Сертификат об утверждении типа СИ выдан Госстандартом РФ.\r\nВлагомер зерна РМ-650 выдает результат измерения через 2-3 сек. с точностью 0,3%. Мощный инструмент для полевых работ. Универсальный.\r\nПамять прибора способна хранить более 99 видов зерновых культур, таких как пшеница, кукуруза, чечевица, подсолнечника, сои, гороха, нута, фасоль, а также чай, фундук, арахис, помидоры и т.д.', 'grainProcessing18.jpg'),
(81, 'Влагомер зерна WILE 55', 'Самый популярный влагомер модельного ряда Wile — влагомер зерна WILE 55. Прост в использовании и надёжен. Имеет в базе 16 калибровок для самых распространённых культур:пшеница, ячмень, гречиха, рапс, подсолнечник, кукуруза, бобы, рис, овес, рожь, сорго, горох, соевые бобы, семена льна, горчица, нут, люцерна, тимофеевка, мука, соль, опилки.', 'grainProcessing19.jpg'),
(82, 'Влагомер зерна WILE-65', 'Портативный влагомер зерна злаковых и масличных культур, усовершенствованная версия WILE 55. Дополнительно оснащён: меню на русском языке, текстовой дисплей, возможность измерения температуры материала в бурте с помощью внешнего температурного датчика Wile 651, 95 см; диапозон измерения внешнгей температуры от 0 до +70 C.\r\nВлагомер WILE-65 предназначен для экспресс-измерения влажности зерновых, зернобобовых и масличных культур, а также продуктов их переработки. Используется в полевых условиях, при уборке, хранении и переработке зерна, при послеуборочной обработке и сушке зерна, на токах, при размещении зерна в хранилищах, а также на предприятиях, где необходим экспресс-анализ влажности зерна.', 'grainProcessing20.jpg'),
(83, 'Влагомер кормов WILE-26 — (сено, силос и сенаж)', 'Влагомер для кормовых материалов WILE-26 с тремя опциональными насадками из серии влагомеры wile . Влагомер кормов Wile-26 используется для измерения с высокой точностью уровня влажности и температуры (сена, фуража и силоса).\r\nНазначение и область применения влагомера кормов WILE 26\r\nВлагомер кормов WILE 26 представляет собой средство измерения влажности сена, сенажа и силоса. Измеритель влажности WILE 26 может применяться для измерения как прессованного, так и рассыпного сена. Малое время измерения (20 секунд) и простота работы позволяют делать замеры влажности оперативно и практически в любых условиях. Измеритель влажности Влагомер кормов WILE 26 очень удобно использовать во время заготовки, транспортировки и хранения кормов. Прибор измеритель влажности Wile 26 в комплекте с дополнительным температурным датчиком Wile 651 может использоваться также для измерения температуры кормов.', 'grainProcessing21.jpg'),
(84, 'Влагомер почв TR 46908', 'Влагомер почвы TR 46908 (код 46908) предназначен для измерения влажности и температуры почвы. Имеет два режима (ГЛИНА/ПЕСОК), так как глинистая и песчаная почва различаются электрическими характеристиками.\r\nПрибор оснащен двумя щупами: для измерения влажности почвы (длина 30 см, код 46908 S) и для измерения температуры почвы . Имеется функция автоматической температурной компенсации.\r\nВозможно использование прибора как термометра для проверки температуры в почве или внутри плода.\r\nИдеален для измерения влажности в слабозасоленных почвах.\r\nПорядок проведения измерений:\r\nПогрузите оба щупа в почву в зону корней выращиваемых растений.\r\nВыберите режим (ГЛИНА/ПЕСОК).\r\nНа дисплее высвечиваются показания измерений.', 'grainProcessing22.jpg'),
(85, 'Влагомер почвы SM150 Kit', 'Влагомер почвы, грунты и торфа SM150 Kit\r\nПолный, недорогой комплект профессионального прибора, для быстрого и точного измерения влажности почвы с минимальным воздействием на почву или на субстрат.\r\nПринцип работы прибора основан на измерении показателей почвы с помощью высокочастотного объемного воздействия. Измеритель влажности погружается в очищенный от мусора почву или грунт и, спустя некоторое время, на экране появляются текущее значение процентного содержания воды.\r\nПрибор SM150 Kit относится классу портативных приборов экспресс анализа.\r\nКомплект состоит из датчика влажности почвы SM150T и прибора вычисления HH150.\r\nВлагомер почвы, грунты и торфа SM150 Kit показывает объемное содержание воды (%). Пожалуйста заметьте, что хотя датчик SM150T имеет встроенный датчик температуры, прибор HH150 не измеряет или не показывает температуру.\r\nПрибор SM150 Kit содержит в себе предустановленные калибровки для основных типов почв', 'grainProcessing23.jpg'),
(86, 'Влагомер-натуромер зерна WILE 200', 'Влагомер зерна Wile 200 при эксплуатации учитывает факторы окружающей среды и с помощью высвечивающихся на дисплее прибора указаний, направляет пользователя на получение самых точных результатов измерений. В приборе имеется функция компенсации температуры и объёмного веса.\r\nПрибор оснащён запатентованной передвигаемой рукоятью (скобой), закреплённой на приборе, для выравнивания пробы зерна.\r\nПри выравнивании излишек зерна аккуратно распределяется в ёмкость вокруг мерной чашки.', 'grainProcessing24.jpg'),
(87, 'Измеритель плотности почвы (пенетрометр) DICKEY-john', 'Щуп из нержавеющей стали, удобная ручка, совмещенная со стрелочным индикатором. Корпус стрелочного индикатора изготовлен из нержавеющей стали, внутри корпуса – жидкость, для уменьшения ударных воздействий на стрелку. Для определения глубины погружения разметка щупа выполнена в дюймах: 3, 6, 9, 12, 15 и 18.', 'grainProcessing25.jpg'),
(88, 'ИНФРАСКАН-3150', 'Современный автономный инфракрасный анализатор, который предназначен для экспресс определения показателей качества зерновых, зернобобовых, масличных культур, кормов и сырья для их производства и других веществ путём измерения оптических характеристик специально подготовленных проб анализируемых продуктов в ближней инфракрасной области спектра.\r\nОБЛАСТЬ ПРИМЕНЕНИЯ\r\nЛаборатории зернопроизводящих хозяйств, элеваторов и зерноприёмных пунктов, селекционных центров, растениеводческих НИИ, комбикормовых заводов, предприятий масложировой промышленности, контрольно-аналитические лаборатории ЦСМ и других организаций и предприятий, связанных с исследованиями, оценкой качества и сертификацией зерновых, масличных культур, комбикормов и т.п.', 'grainProcessing26.jpg'),
(89, 'ИНФРАСКАН-4200', '\r\nАнализатор инфракрасный ИНФРАСКАН-4200\r\nПредназначен для определения м.д. компонентов жидких, сыпучих и пастообразных продуктов путём измерения оптических характеристик специально подготовленных проб анализируемых продуктов в ближней инфракрасной области спектра.\r\nАнализатор ИНФРАСКАН-4200 прошёл испытания во Всероссийском научно-исследовательском институте метрологии им. Д.И. Менделеева и внесён в единый государственный реестр средств измерений под №83050-21 . Все выпускаемые приборы проходят первичную поверку и имеют соответствующее свидетельство.\r\nОБЛАСТЬ ПРИМЕНЕНИЯ\r\nЛаборатории зернопроизводящих хозяйств, элеваторов и зерноприёмных пунктов, селекционных центров, растениеводческих НИИ, комбикормовых заводов, предприятий масложировой промышленности, контрольно-аналитические лаборатории ЦСМ и других организаций и предприятий, связанных с исследованиями, оценкой качества и сертификацией зерновых, масличных культур, комбикормов и т.п.', 'grainProcessing27.jpg'),
(90, 'Лабораторная мельница БОРЕЙ-3', 'Лабораториям, имеющим трёхфазные электрические сети стандартного напряжения, рекомендуем использовать лабораторную мельницу БОРЕЙ-3.\r\nПредназначена для измельчения проб зерновых, зернобобовых культур, кормов и сырья для их производства с влажностью не выше 18% и содержанием жира не более 22%. На мельнице возможно размалывать гранулированные продукты. Мельница обеспечивает размол зерновых культур согласно действующих стандартов, регламентирующих методы определения их качества.', 'grainProcessing28.jpg'),
(91, 'Лабораторный шелушитель риса и проса ПР-1', 'Навеска зерна из загрузочного отсека поступает в шелушильную камеру, где обрабатывается обрезиненными валками, которые вращающаются навстречу друг другу с разной скоростью. Продукты шелушения попадают в пневмоканал. Пленки встречным потоком воздуха, создаваемого вентилятором, уносятся в циклон, осаждаются и накапливаются в сборнике пленок. Ядра и шелушенные зерна направляются в сборник. Зазором между обрезиненными валками регулируется степень шелушения.  Степень очистки воздухом регулируется с помощью оборотов вентилятора посредством потенциометра. Область применения — лаборатории хлебоприемных предприятий. Нормальная работа шелушителя обеспечивается при температуре окружающей среды от -10 до +35°С и относительной влажности 55±15% (при 20°С).', 'grainProcessing29.jpg'),
(92, 'Мельница ВЬЮГА-3М', 'Предназначена для измельчения проб зерновых, зернобобовых, масличных культур, кормов и сырья для их производства с влажностью не выше 20% и содержанием жира не более 55%.\nПринцип работы мельниц основан на измельчении продукта, вращающимся на высокой скорости ножом в сочетании с циклическим поворотом размольного узла. Для осуществления равномерного измельчения и гомогенизации пробы размольный узел при осуществлении размола должен быть наклонён. Угол наклона задаётся автоматически в соответствии с выбранным режимом.\nПРИМЕНЕНИЕ\nИспользуются при подготовке проб для определения влажности, содержания белка, жира, клетчатки, а также для анализов по определению других показателей качества методом инфракрасной спектроскопии и другими лабораторными методами анализа.', 'grainProcessing30.jpg'),
(93, 'Мельница ВЬЮГА-3МТ', 'Лабораторная мельница ВЬЮГА-3МТ\nПредназначена специально для измельчения проб твёрдых продуктов (кусковой жмых, шрот, гранулированные корма и др.) с влажностью не выше 20% и содержанием жира не более 22%.\nПринцип действия мельницы основан на измельчении продукта вращающимся на высокой скорости стальным ножом в сочетании с циклическим поворотом размольного узла.\nПРИМЕНЕНИЕ\nИспользуются при подготовке проб для определения влажности, содержания белка, жира, клетчатки, а также для анализов по определению других показателей качества методом инфракрасной спектроскопии и другими лабораторными методами анализа.', 'grainProcessing31.jpg'),
(94, 'МОК-1МТ Устройство для механизированного отмывания клейковины', 'Устройство для механизированного отмывания клейковины модели У1-МОК-1MТ предназначено для отмывания сырой клейковины из зерна (шрота) пшеницы и пшеничной муки без применения ручного труда. Устройства применяются в лабораториях хлебоприемных предприятий, мукомольных заводов и других, предприятий отрасли хлебопродуктов и сельского хозяйства, занимающихся  определением качества пшеницы по клейковинному комплексу. Устройство имеет настольное исполнение; отмывает клейковину из проб зерна пшеницы всех типов и муки всех сортов любого качества.', 'grainProcessing32.jpg'),
(95, 'Очиститель для сит', NULL, 'grainProcessing33.jpg'),
(96, 'Плотномер почвы Wile SOIL- измеритель плотности почвы', 'Wile Soil – это предельно простой и удобный в использовании плотномер почвы. Предназначен прибор для качественного измерения плотности грунта. С его помощью определяют наличие проблем уплотнения на участке, а также вычисляют уровень залегания плужной подошвы.\n\nВ комплектацию устройства входят два наконечника: первый диаметром 127 мм для работы с твердыми почвами и второй диаметром 191 мм для мягких грунтов. Обеспечение сохранности комплекта вспомогательных устройств берет на себя удобное крепление, расположенное на корпусе плотномера.', 'grainProcessing34.jpg'),
(97, 'Полировщик PEARLEST', 'Полировщик зерна, устройство Pearlest, специально разработан для полирования риса, пшеницы и ячменя ввиду необходимости исследования структуры ядер зерен.\r\nМасса пробы: 10 г\r\nВремя полирования: рис 30 с, ячмень 10 с.\r\nИсточник питания: перем.тока 100–220 В (50/60 Гц)\r\nГабариты: 130х95х160 мм\r\nМасса: 2,0 кг нетто, 4,0 кг брутто\r\nКомплектующие: ложечка, щетка, лопаточка, мешалка, металлический диск и металлическое кольцо (по 1 шт.)\r\nСтандарты:  ГОСТ 10843-76', 'grainProcessing35.jpg'),
(98, 'Пресс ПКМ-12', 'Пресс для выделения клейковины ПКМ-12 предназначен для удаления избытка раствора для отмывания в соответствии с ГОСТ Р 53020-2008 (ИСО 21415-1:2006). Пресс ПКМ-12 используется при ручном методе определения содержания сырой клейковины в пшенице и пшеничной муке и рекомендован для указанной продукции, поставляемой для экспорта.\r\nПресс состоит из двух стеклянных пластин с шероховатой поверхностью, обеспечивает стабильный фиксированный зазор между пластинами. Имеет подставки и ручку для открывания.', 'grainProcessing36.jpg'),
(99, 'Пробирка к ПЧП', 'Вискозиметрическая пробирка к ПЧП служит емкостью для смеси из муки и воды в ходе лабораторных и производственных исследований качества и состава пищевого продукта. Пробирка используется при работе на указанных приборах для определения числа падения (измерения степени активности альфа амилазы в муке).', 'grainProcessing37.jpg'),
(100, 'Установка измерительная воздушно-тепловая АСЭШ-8-1', 'Предназначены для определения влажности в твёрдых, сыпучих и пастообразных материалах согласно стандартизированным методикам на конкретное определяемое вещество.\r\nРеализуют термогравиметрический (воздушно-тепловой) метод определения массовой доли влаги, основанный на измерении массы образца анализируемого вещества до и после его высушивания с последующим расчётом значений массовой доли влаги.', 'grainProcessing38.jpg'),
(101, 'Установка измерительная воздушно-тепловая АСЭШ-8-2', '\r\nПредназначены для определения влажности в твёрдых, сыпучих и пастообразных материалах согласно стандартизированным методикам на конкретное определяемое вещество.\r\nРеализуют термогравиметрический (воздушно-тепловой) метод определения массовой доли влаги, основанный на измерении массы образца анализируемого вещества до и после его высушивания с последующим расчётом значений массовой доли влаги.', 'grainProcessing39.jpg');
INSERT INTO `products` (`id`, `title`, `description`, `image`) VALUES
(102, 'Шелушитель TR-250', 'Шелушитель риса автоматический TR-250 — это электромеханическое устройство, применяемое для шелушения неочищенного риса-зерна при подготовке к проверке в анализаторах на влажность, шлифования риса, определения белизны и трещиноватости сырца.\r\nTR-250 прост и удобен в работе — нажмите кнопку и поместите прилагаемым дозатором пробу риса-зерна в приемный бункер. В считанные секунды шелушение будет выполнено, и очищенный рис и мякина будут отделены в приемные контейнеры. Объем одной загрузки для модели составляет примерно 20 грамм.\r\nTR-250 идеальное инспекционное устройство для центров осмотра урожая, зерновой инспекции, везде, где требуется оперативное измерение качественных характеристик продукта.', 'grainProcessing40.jpg'),
(103, 'Шелушитель риса механический, TR-120', 'Повышенная точность измерения влажности рисового зерна обеспечивается благодаря предварительному шелушению. Данное устройство эффективно очищает рис при простом вращении ручки. Шелушитель риса механический, устройство TR-120, является опционным комплектующим к моделям Riceter.', 'grainProcessing41.jpg'),
(104, 'Эвлас — 5 Влагомер зерна (погружного типа)', 'Переносной, быстродействующий влагомер зерна погружного типа (штанга 1 метр) с автономным питанием.\r\nПредназначен для определения массовой доли влаги и температуры зерна пшеницы, ржи, ячменя и овса в местах хранения. Обеспечивает контроль процесса самосогревания зерна. Уникальные математические модели, заложенные в анализатор устраняют влияние плотности засыпки зерна на результат анализа!', 'grainProcessing42.jpg'),
(105, 'Эвлас-2М Анализатор влажности', 'Анализатор влажности «Эвлас-2М» (высокоточный) с гирей 5 г предназначен для экспрессного определения массовой доли влаги в продукции сельского хозяйства и в продуктах её переработки, пищевых продуктах и кондитерских изделиях, почве, химикатах, и строительных материалах, фармацевтических материалах, рудах полезных ископаемых в лабораторных условиях.\r\nКомплектация: Чаши для проб — 15 шт.,Пинцет, Шпатель, Методики для работы с продуктами Гиря 5 грамм (точностью М1, со свидетельством о поверке)\r\nВлагомер является универсальным, поставляется с методическими рекомендациями по работе с широким перечнем веществ (более 300 видов пищевых продуктов и других материалов).', 'grainProcessing43.jpg'),
(106, 'Экспресс-анализатор влажности и масличности подсолнечника ВМЦЛ-12М', 'Является цифровым лабораторным прибором и предназначен для экспресс анализа влажности 5-12% и масличности 30-60% семян подсолнечника.', 'grainProcessing44.jpg'),
(107, 'ЯНТАРЬ-БЛИК диафаноскоп', 'Электронный диафаноскоп ЯНТАРЬ-БЛИК\r\nПредназначен для определения стекловидности пшеницы и белизны муки с помощью цифрового анализа изображений.\r\nПредставляет собой устройство, которое объединяет в одном корпусе 2 прибора — электронный диафаноскоп, предназначенный для определения стекловидности пшеницы и белизномер, предназначенный для определения белизны муки.\r\nПринцип работы электронного диафаноскопа ЯНТАРЬ-БЛИК заключается в оценке показателей качества (белизны или стекловидности) по изображению, полученному с помощью цифровой камеры. Значения показателей качества вычисляются с помощью программно-реализованных алгоритмов по специальным калибровочным уравнениям.', 'grainProcessing45.jpg'),
(108, 'Комплект КОХП лабораторного хлебопекарного оборудования', 'Комплект КОХП лабораторного хлебопекарного оборудования (шкаф пек. ШХЛ-0.65, шкаф расст.лабШРЛ-0.65)', 'bakeryEquipment1.png'),
(109, 'Тестомесилка У1-ЕТВ', 'Предназначена для механизированного замеса теста из муки массой 0,7 и 1,2 кг. с качеством клейковины от II гр. слабой до II гр. крепкой, влажностью свыше 10% при проведении пробной лабораторной выпечки.\r\nТестомесилка применяется на хлебоприемных, мукомольных и хлебопекарных предприятиях, а также в лабораториях ГХИ и научно — исследовательских организациях.', 'bakeryEquipment2.jpg'),
(110, '«Клевер-Мини» Анализатор молока', 'Данный аппарат является продолжением линейки приборов Клевер. В нем сочетаются основные возможности модели Клевер-2 и низкая стоимость.\r\nАнализатор молока Клевер-Мини имеет возможность проводить экспресс-оценку процентного содержания жира, белка, сухого обезжиренного молочного остатка (СОМО) и плотности в одной пробе свежего цельного, консервированного молока. Однако, в отличии от Клевер-2, набор характеристик, которые прибор измеряет, определяет клиент на этапе покупки прибора.', 'dairyProduction1.jpg'),
(111, 'Анализатор качества молока «Лактан 1-4 М» исп. Мини', '«Лактан 1-4 М» исп. Мини это переносной, малогабаритный, быстродействующий анализатор с возможностью автономного питания от автомобильного аккумулятора.\r\nАнализатор удобен для использования в крестьянских и фермерских хозяйствах, а так же идеально подходит для приемки молока у частных подворий. Используемый источник питания обеспечивает устойчивую работу при перепадах напряжения в сети в диапазоне от 100 до 260 В. Небольшие размеры и автономность анализатора «Лактан 1-4 М» исп. Мини позволяют использовать его в полевых условиях.', 'dairyProduction2.jpg'),
(112, 'Анализатор качества молока «Лактан» исп. 600 УЛЬТРА (расширенный)', '«Лактан» исп. 600 УЛЬТРА (расширенный)- это анализаторы, созданные на основе НОВЕЙШЕЙ ТЕХНОЛОГИИ ИЗМЕРЕНИЯ УЛЬТРАЗВУКА, которая позволяет получить наиболее точные и быстрые результаты!\r\nПреимущества\r\nСкорость анализа всего 40-50 секунд!\r\nВысокая точность и воспроизводимость результатов анализа\r\nКорпус повышенной прочности (металл)\r\nВибро-мойка и режим интеллектуальной промывки\r\nВозможность печати результатов онлайн на термопринтере\r\nПодключение через USB к компьютеру, работа с данными в программном обеспечении под Windows\r\nПредназначение\r\n«Лактан» исп. 600 УЛЬТРА позволяет ультразвуковым методом без использования химических реактивов измерить 12 параметров качества молока: жир, белок, сухие вещества, СОМО, лактоза, плотность, добавленная вода, точка замерзания, общий белок, минеральные соли, калорийность, а также температуру пробы. параметр степень гомогенизации молока — по доп. заказу.', 'dairyProduction3.jpg'),
(113, 'Анализатор молока Клевер-2', 'Анализатор молока Клевер-2. Обеспечивает экспресс-оценку процентного содержания жира, белка, сухого обезжиренного молочного остатка (СОМО) и плотности в одной пробе свежего цельного, консервированного молока или сливок.', 'dairyProduction4.jpg'),
(114, 'Анализатор молока Клевер-2М', 'Анализатор молока Клевер-2М предназначен для измерения массовой доли жира, белка, лактозы, минеральных солей (золы) и плотности в молоке и молочных продуктах в соответствии с методикой выполнения измерений, аттестованной в установленном порядке. Дополнительно анализатор измеряет или рассчитывает на основании измеренных данных массовую долю сухого молочного остатка, обезжиренного молочного остатка, степень гомогенизации и точку замерзания молока, а также индицирует температуру пробы и рассчитанное количество добавленной воды.', 'dairyProduction5.jpg'),
(115, 'Молокомер (ёмкость мерная, 10 л)', 'Молокомер (емкость мерная) предназначен для ежедневного или ежемесячного учета молочной продуктивности лактирующих домашних животных, путем замера объема заливаемого в него молока. Используется для измерения объема молока, применяется на молокоприемных и сепараторных пунктах и на молочно-товарных фермах.\r\nМолокомер представляет собой сосуд, емкостью 10 литров, изготовленный из пищевого алюминия. Внутри молокомера помещен поплавок с мерной линейкой. По мере заполнения емкости молоком поплавок всплывает, перемещая мерную линейку по специальным направляющим, которые одновременно являются точкой отсчета и ручкой молокомера. Крупные цифры и глубокая чеканка мерной линейки обеспечивает легкое чтение показаний. Цена деления 0,25л.\r\nМолокомер из пищевого алюминия имеет великолепный внешний вид, коррозионную стойкость и малый вес, что существенно облегчает работу.', 'dairyProduction6.jpg'),
(116, 'Анализатор спиртосодержащих напитков Колос-2', 'Анализатор спиртосодержащих напитков «Колос-2» предназначен для измерения массовой доли этилового спирта и массовой доли экстракта в спиртосодержащих напитках алкогольной, слабоалкогольной продукции и водноспиртовых растворах, а также экстрактивности начального сусла в пиве в соответствии с методикой выполнения измерений, аттестованной в установленном порядке.', 'brewingProduct.jpg'),
(117, 'UD-1050 Дистиллятор', 'Изготовлены из нержавеющей стали с помощью штамповки и сварки, что обеспечивает коррозионную стойкость и долговечность.\r\nЭффективный конденсатор в виде спиральной трубки обеспечивает хороший теплообмен и высокий выход дистиллированной воды.\r\nАвтоматическое отключение при падении уровня воды (перегреве) и возобновление работы после восстановления водоснабжения.\r\nМоноблочная компоновка уменьшает количество изнашивающихся элементов.\r\nБыстросъемная конструкция камеры конденсации, облегчающая обслуживание аппарата.', 'generalPurpose1.jpg'),
(118, 'UT-4301Е Баня водяная одноместная, ULAB', NULL, 'generalPurpose1.jpg'),
(119, 'UT-4302Е Баня водяная двухместная, ULAB', 'Достоинства модели\r\nЦифровой контроллер\r\nВысокая точность установки и поддержания температуры теплоносителя.\r\nОтображение на дисплее текущей температуры нагрева теплоносителя.\r\nНаличие таймера.\r\nОбратный отсчет времени с момента достижения заданной температуры.\r\nШланг для слива теплоносителя с фиксатором.\r\nВанна выполнена из нержавеющей стали.\r\nВерхняя крышка полностью съемная.\r\nТаймер: 999 мин\r\nТ нагрева: комн. +10…99,9 оС\r\nВнутренние размеры: 325х170х120\r\nРазмеры посадочных мест, мм: Ø 110 / 80 / 50\r\nКонтроллер: цифровой', 'generalPurpose3.jpg'),
(120, 'Аквадистиллятор ДЭ-10М', 'Аквадистиллятор ДЭ-10М\r\nОбращаем  Ваше  внимание,  что  температура  дистиллята, получаемого с помощью дистилляторов серии АЭ и ДЭ, равна примерно 80°С. Широко используется во всех лабораториях и производствах, в больницах и исследовательских институтах.', 'generalPurpose4.jpg'),
(121, 'БАНИ ЛАБОРАТОРНЫЕ ПЭ-4300, ПЭ-4310', 'Бани лабораторные ПЭ-4300, ПЭ-4310, ПЭ-4312, ПЭ-4200, ПЭ-4342 применяются в медицинских, исследовательских, производственно-испытательных, промышленных лабораториях.\r\n\r\nБани лабораторные ПЭ-4300, ПЭ-4310, ПЭ-4312, ПЭ-4200, ПЭ-4342 поддерживают стабильную температуру испытуемого образца.\r\n\r\nБани лабораторные ПЭ-4300, ПЭ-4310, ПЭ-4312, ПЭ-4200, ПЭ-4342 поддерживают заданную среду для формирования устойчивых, малорастворимых осадков.', 'generalPurpose5.jpg'),
(122, 'Баня водяная лабораторная Stegler WB-2 (2-мест, до 100 °С)', 'Лабораторная водяная баня STEGLER WB-2 применяется для дистилляции, концентрирования, сушки и термостатического нагрева образцов и проб в медицинских учреждениях, в учебных лабораториях университетов и колледжей, научно-исследовательских подразделения, в лабораториях промышленных, горнодобывающих, химических и фармацевтических предприятий.\r\n• Компактные размеры и легкий вес;\r\n• Простота в эксплуатации и обслуживании;\r\n• Стальной корпус из нержавеющей стали холодного проката, окрашенного порошковой краской;\r\n• Микропроцессорный контроль с функцией синхронизации;\r\n• Цифровой дисплей;\r\n• Система из 3-х концентрических стальных колец позволяет размещать в ванне различные колбы объёмом до 1 л, стаканы, чашки для выпаривания и т.д.;\r\n• Нагревательный элемент защищён от перегрева;\r\n• Индикация состояния нагревателя и аварийной защиты.', 'generalPurpose6.jpg'),
(123, 'Дистиллятор UD-1100', 'Изготовлены из нержавеющей стали с помощью штамповки и сварки, что обеспечивает коррозионную стойкость и долговечность.\r\nЭффективный конденсатор в виде спиральной трубки обеспечивает хороший теплообмен и высокий выход дистиллированной воды.\r\nАвтоматическое отключение при падении уровня воды (перегреве) и возобновление работы после восстановления водоснабжения.\r\nМоноблочная компоновка уменьшает количество изнашивающихся элементов.\r\nТехнические характеристики\r\nПроизводительность при номинальном напряжении, дм3/ч10 ± 10%\r\nПитание380В, 50Гц\r\nПотребляемая мощность при номинальном напряжении, кВт7,5 ± 10%\r\nГабаритные размеры дистиллятора, мм830 х 310 х 280 / 390 х 380 х 930\r\nМасса изделия (нетто / брутто), кг7,5 / 9,4\r\nЭлектропроводность получаемого дистиллята, µS/cm3,0 — 4,0', 'generalPurpose7.jpg'),
(144, 'КОЛБОНАГРЕВАТЕЛЬ ПЭ-4100М', 'Нагрев жидкостей в круглодонных колбах объемом 0,25л в диапазоне температур от комнатной до 400°С.\r\n— Двухзонный нагревательный элемент. Возможность отключения верхней зоны нагрева.\r\n— Нагревательный элемент соткан из безопасного нетоксичного стекловолокна (Fiberglass) со вплетенной нихромовой проволокой, что исключает его остаточную деформацию и обеспечивает плотное прилегание к стенкам сосуда для минимизации теплопотерь и повышения энергоэффективности устройства.\r\n— Информативный жидкокристаллический дисплей.\r\n— Электронный регулятор температуры (ПИД).\r\n— Автоматическая и ручная настройка интенсивности нагрева.\r\n— Функция таймера с визуальной и звуковой сигнализацией окончания нагрева.\r\n— Блокировка управления для защиты от случайного изменения режима работы.\r\n— Возможность подключения выносного датчика температуры (поставляется дополнительно).\r\n— Определение и индикация возможных неисправностей и сбоев в работе.\r\n— Металлический корпус прибора окрашен порошковой краской KARUMEL, обладающей адгезионной устойчивостью, устойчивостью к царапанью и коррозионной стойкостью.', 'generalPurpose9.jpg'),
(145, 'Магнитная мешалка ПЭ-6100', 'Перемешивание жидкостей с помощью магнитного якоря. Может быть использована при подготовке проб и проведении анализов.Мешалка представляет собой электронно-механическое устройство, которое обеспечивает выполнение операций по смешиванию реагентов при заданной постоянной скорости вращения магнитного якоря, помещенного в сосуд с жидкостью.', 'generalPurpose10.jpg'),
(146, 'Овоскоп ОН-10', 'Овоскоп — ОН-10 является переносным световым прибором, предназначенным для контроля качества яиц.\r\nДанный овоскоп выполнен в виде металлического цилиндра, в котором вмонтирован электрический патрон для установки лампы накаливания.Питание овоскопа осуществляется от однофазной сети переменного тока напряжением 220В, 50Гц. Подключение к сети производится при помощи сетевого шнура, вкл./выкл. осуществляется переключателем ПР1-100. Источником света является лампа накаливания Б 220-230-100Вт.', 'generalPurpose11.jpg'),
(147, 'Песчаная баня МИМП-БП', 'Универсальные печи с мелкодисперсным теплоносителем (песчаные бани) МИМП-БП предназначены для применения в лабораториях различного профиля для термической подготовки проб и проведения лабораторных анализов с установкой обрабатываемых образцов на открытую поверхность нагреваемого теплоносителя.Рабочее пространство песчаной бани МИМП-БП представляет собой лоток, в котором установлены два термоэлектрических нагревателя. В лоток засыпается мелкодисперсный теплоноситель (кварцевый песок), уровень которого на 15 — 20 мм должен превышать уровень нагревательных элементов. Верхний слой равномерно прогретого теплоносителя (10 — 15 мм) образует рабочую зону, в которую могут быть помещены обрабатываемые образцы.', 'generalPurpose12.jpg'),
(148, 'Стерилизатор паровой Stegler VK-18 (18 л.)', 'Лабораторный паровой стерилизатор (автоклав) Stegler VK-18 предназначен для стерилизации изделий насыщенным водяным паром под давлением различной посуды, растворов, субстратов, перевязочных материалов, операционного белья, хирургических инструментов, перчаток и других медицинских предметов, не портящихся при воздействии пара и позволяет стерилизовать изделия не только снаружи, но и изнутри (полые и пористые изделия), а также обернутые, упакованные изделия, стеклянную лабораторную посуду и жидкости. Паровая стерилизация высокоэффективна против всех известных микроорганизмов, в том числе и патогенных, а также бактериальных спор.', 'generalPurpose13.jpg'),
(149, 'Стерилизатор паровой Stegler VK-35 (35 л.)', '\r\nЛабораторный паровой стерилизатор (автоклав) VK-35 предназначен для стерилизации изделий насыщенным водяным паром под давлением, «убивки» инфицированного материала и отработанных микробиологических культур, обеззараживания медицинских отходов и позволяет стерилизовать изделия не только снаружи, но и изнутри (полые и пористые изделия), а также обернутые, упакованные изделия, стеклянную лабораторную посуду и жидкости. Паровая стерилизация высокоэффективна против всех известных микроорганизмов, в том числе и патогенных, а также бактериальных спор.', 'generalPurpose13.jpg'),
(150, 'Стерилизатор паровой ВК-75-01', 'Паровой медицинский стерилизатор предназначен для стерилизации паром под давлением перевязочных материалов, хирургических инструментов, перчаток и других медицинских принадлежностей, не портящихся при воздействии на них паром. Давление пара в стерилизационной камере поддерживается автоматически.', 'generalPurpose14.jpg'),
(151, 'ЭЛЕКТРОПЛИТКА «ВЕСТА-2»', 'Высококачественные энергетически экономичные электроплитки «Кварц-2», «Веста-2» предназначены для нагревания веществ в любой термостойкой ёмкости при эксплуатации на столе или подобной подставке.Верхняя панель электроплит изготовлена из высокопрочной стеклокерамики, обладающей высокой степенью пропускания теплового потока, что обеспечивает быстрый нагрев и равномерное распределение тепла по всей площади зоны нагрева.', 'generalPurpose15.jpg'),
(152, 'Электроплитка одноконфорочная стеклокерамическая Кварц-2', 'Электроплитка «Кварц-2» предназначена для нагревания веществ в любой термостойкой ёмкости. Верхняя панель электроплитки изготовлена из высокопрочной стеклокерамики, что обеспечивает равномерное распределение тепла и быстрый нагрев по всей площади зоны нагрева.', 'generalPurpose16.jpg'),
(153, 'Аквадистиллятор ДЭ-10М', 'Аквадистиллятор ДЭ-10М. Обращаем  Ваше  внимание,  что  температура  дистиллята, получаемого с помощью дистилляторов серии АЭ и ДЭ, равна примерно 80°С. Широко используется во всех лабораториях и производствах, в больницах и исследовательских институтах.', 'medicalEquipment1.jpg'),
(154, 'Аквадистиллятор ДЭ-4М', 'Аквадистиллятор электрический ДЭ-4М предназначен для производства дистиллированной воды, отвечающей требованиям действующей Госфармакопеи РФ ФС 42-2619—97, путем тепловой перегонки воды, отвечающей требованиям СанПин 2.1.4.1074—01. Изделие используется в медицинских учреждениях, а также для очистки питьевой воды от радионуклидов в чрезвычайных ситуациях и использования дистиллята в питьевых целях после его минерализации в других учреждениях.', 'medicalEquipment1.jpg'),
(155, 'Пинцет', 'Пинцет', 'medicalEquipment2.jpg'),
(156, 'Скальпель', 'Скальпель', 'medicalEquipment3.jpg'),
(157, 'Термостат ТСО-1/80 СПУ мод.1005', 'Термостат ТСО-1/80 СПУ мод.1005 (нержав., вентилятор, освещение, 80 л, +5…+60 град)Термостат предназначен для проведения анализа на БПК (биологическая потребление кислорода), бактериологических и других исследований.Применение: в гидротехнических лабораториях, в лабораториях предприятий водоканала, пивобезалкогольных и ликероводочных заводов, консервных заводов, а также на предприятиях пищевой промышленности в т.ч. детского питания, в медицинских учреждениях, центрах Госсанэпиднадзора и центрах сертификации, лабораториях Госсеминспекции, ветеринарных учреждениях.', 'medicalEquipment4.jpg'),
(158, 'Комплект сит КСИ для песка и щебня', 'Комплект сит КСИ для песка и щебня д.300  (0,16; 0,315; 0,63; 1,25; 2,5; 5; 10; 20; 40мм; поддон, крышка)\r\nГОСТ 8735-88\r\nГОСТ 8269.0-97\r\nПредназначены для определения зернового состава сыпучих материалов, ситового анализа в строительных лабораториях.\r\nВ комплект входят 9 сит (ячейки 0,16; 0,315; 0,63; 1,25; 2,5; 5; 10; 20; 40мм) поддон, крышка.', 'roadComp1.jpg'),
(159, 'Прибор Вика ОГЦ-1', 'Прибор Вика ОГЦ-1\r\nГОСТ 310.3-76\r\nПредназначен для определения нормальной густоты и сроков схватывания цементного теста.\r\nКонструкция прибора Вика ОГЦ-1 позволяет с высокой точностью проводить анализ цемента согласно требованиям ГОСТ. Падающие части прибора Вика ОГЦ-1 выполнены из нержавеющей стали. Иглы и пестик выполнены из нержавеющей стали.', 'roadComp2.jpg'),
(160, 'Штангенциркуль ШЦ', 'Штангенциркуль механический шц-I — наиболее часто используемый прибор для измерения деталей в мастерских', 'roadComp3.jpg'),
(161, 'Цилиндр мерный 25 мл, 50мл', 'Цилиндр мерный 25 мл стеклянное основание. Разработан для дозирования нелетучих жидкостей. Изготовлен по ТУ 9464-013-52876351-2014 в соответствии с техническими требованиями ГОСТ 1770-74.', 'Glassware1.jpg'),
(162, 'Эксикатор без крана', 'Эксикатор без крана предназначен для медленного высушивания и хранения гигроскопических веществ. Разработан для создания изолированной среды в объеме сосуда. В комплект входит керамическая вставка. Диаметр 150, 180, 240 мм', 'Glassware2.jpg'),
(163, 'Гигрометры', 'Интервал между поверками — 2 года.\r\nИспользуются для измерения относительной влажности воздуха и температуры.\r\nГигрометр психрометрический ВИТ-1 ( (0…25) \r\nГигрометр психрометрический ВИТ-2 (15…40)', 'ThermoHygro1.jpg'),
(164, 'Термометры ТС-7-М1', 'Интервал между поверками — 3 года.\r\nТермометры ТС-7-М1 имеют широчайший спектр применения. Используются в складских помещениях, зернохранилищах и буртах. Для измерения температур мяса, молока, в холодильниках и рефрижераторах.\r\nИзготавливаются согласно требованиям сферы применения, в защитных оправах или без них.\r\nТермометрическая жидкость – метилкарбитол.', 'ThermoHygro2.jpg');

-- --------------------------------------------------------

--
-- Структура таблицы `subcategory`
--

CREATE TABLE `subcategory` (
  `id` int NOT NULL,
  `id_cat` int DEFAULT NULL,
  `title` varchar(150) COLLATE utf8mb4_general_ci DEFAULT NULL
) ENGINE=InnoDB DEFAULT CHARSET=utf8mb4 COLLATE=utf8mb4_general_ci;

--
-- Дамп данных таблицы `subcategory`
--

INSERT INTO `subcategory` (`id`, `id_cat`, `title`) VALUES
(1, 2, 'определение влажности зерна и продуктов его переработки'),
(2, 2, 'оборудование для определения качества зерна и муки'),
(3, 2, 'определение количества и качества клейковины'),
(4, 2, 'определение качества крупяных культур'),
(5, 2, 'отбор проб и определение примесей'),
(6, 2, 'мельницы лабораторные'),
(7, 2, 'сита лабораторные, рассевы'),
(8, 2, 'приборы для анализа растений и почвы'),
(9, 2, 'пробоотборники'),
(10, 2, 'приборы для определения масличности'),
(11, 6, 'стерилизаторы'),
(12, 6, 'бани лабораторные'),
(13, 6, 'аквадистилляторы'),
(14, 6, 'КОЛБОНАГРЕВАТЕЛИ, ЭЛЕКТРОПЛИТКИ'),
(15, 6, 'магнитные мешалки'),
(16, 7, 'Аквадистилляторы, бидистилляторы'),
(17, 7, 'Термостаты'),
(18, 7, 'инструменты');

--
-- Индексы сохранённых таблиц
--

--
-- Индексы таблицы `category`
--
ALTER TABLE `category`
  ADD PRIMARY KEY (`id`);

--
-- Индексы таблицы `categoryProduct`
--
ALTER TABLE `categoryProduct`
  ADD PRIMARY KEY (`id`),
  ADD KEY `id_cat` (`id_cat`),
  ADD KEY `id_subcat` (`id_subcat`),
  ADD KEY `id_prod` (`id_prod`);

--
-- Индексы таблицы `characteristic`
--
ALTER TABLE `characteristic`
  ADD PRIMARY KEY (`id`),
  ADD KEY `id_prod` (`id_prod`);

--
-- Индексы таблицы `products`
--
ALTER TABLE `products`
  ADD PRIMARY KEY (`id`);

--
-- Индексы таблицы `subcategory`
--
ALTER TABLE `subcategory`
  ADD PRIMARY KEY (`id`),
  ADD KEY `id_cat` (`id_cat`);

--
-- AUTO_INCREMENT для сохранённых таблиц
--

--
-- AUTO_INCREMENT для таблицы `category`
--
ALTER TABLE `category`
  MODIFY `id` int NOT NULL AUTO_INCREMENT, AUTO_INCREMENT=11;

--
-- AUTO_INCREMENT для таблицы `categoryProduct`
--
ALTER TABLE `categoryProduct`
  MODIFY `id` int NOT NULL AUTO_INCREMENT, AUTO_INCREMENT=206;

--
-- AUTO_INCREMENT для таблицы `characteristic`
--
ALTER TABLE `characteristic`
  MODIFY `id` int NOT NULL AUTO_INCREMENT, AUTO_INCREMENT=589;

--
-- AUTO_INCREMENT для таблицы `products`
--
ALTER TABLE `products`
  MODIFY `id` int NOT NULL AUTO_INCREMENT, AUTO_INCREMENT=165;

--
-- AUTO_INCREMENT для таблицы `subcategory`
--
ALTER TABLE `subcategory`
  MODIFY `id` int NOT NULL AUTO_INCREMENT, AUTO_INCREMENT=19;

--
-- Ограничения внешнего ключа сохраненных таблиц
--

--
-- Ограничения внешнего ключа таблицы `categoryProduct`
--
ALTER TABLE `categoryProduct`
  ADD CONSTRAINT `categoryproduct_ibfk_1` FOREIGN KEY (`id_cat`) REFERENCES `category` (`id`),
  ADD CONSTRAINT `categoryproduct_ibfk_2` FOREIGN KEY (`id_subcat`) REFERENCES `subcategory` (`id`),
  ADD CONSTRAINT `categoryproduct_ibfk_3` FOREIGN KEY (`id_prod`) REFERENCES `products` (`id`);

--
-- Ограничения внешнего ключа таблицы `characteristic`
--
ALTER TABLE `characteristic`
  ADD CONSTRAINT `characteristic_ibfk_1` FOREIGN KEY (`id_prod`) REFERENCES `products` (`id`);

--
-- Ограничения внешнего ключа таблицы `subcategory`
--
ALTER TABLE `subcategory`
  ADD CONSTRAINT `subcategory_ibfk_1` FOREIGN KEY (`id_cat`) REFERENCES `category` (`id`);
COMMIT;

/*!40101 SET CHARACTER_SET_CLIENT=@OLD_CHARACTER_SET_CLIENT */;
/*!40101 SET CHARACTER_SET_RESULTS=@OLD_CHARACTER_SET_RESULTS */;
/*!40101 SET COLLATION_CONNECTION=@OLD_COLLATION_CONNECTION */;
